PMCTS full,PMCTS Playout,MCTS full play,MCTS Playout,AB full play,MC vs PMC,PMC vs AB,MC vs AB,Playouts,Language
0.026384493,7.67E-05,0.020276632,7.52E-05,NA,MC,NA,NA,1,Julia
0.026063979,7.40E-05,0.019108048,7.00E-05,NA,MC,NA,NA,1,Julia
0.023018871,7.50E-05,0.025112731,7.46E-05,NA,MC,NA,NA,1,Julia
0.023167354,7.48E-05,0.024534543,7.06E-05,NA,MC,NA,NA,1,Julia
0.020706728,6.92E-05,0.025389627,7.60E-05,NA,PMC,NA,NA,1,Julia
0.020737895,6.85E-05,0.024764886,7.15E-05,NA,PMC,NA,NA,1,Julia
0.02612909,6.92E-05,0.022273249,6.72E-05,NA,MC,NA,NA,1,Julia
0.026165451,6.78E-05,0.021141016,6.36E-05,NA,MC,NA,NA,1,Julia
0.026014507,7.02E-05,0.020387377,7.04E-05,NA,MC,NA,NA,1,Julia
0.021909537,6.99E-05,0.01945077,6.77E-05,NA,MC,NA,NA,1,Julia
0.019784327,7.73E-05,0.019811224,8.18E-05,NA,MC,NA,NA,1,Julia
0.019871482,7.73E-05,0.018979742,7.75E-05,NA,MC,NA,NA,1,Julia
0.026630887,8.43E-05,0.026752574,8.49E-05,NA,MC,NA,NA,1,Julia
0.02232251,8.42E-05,0.025928073,8.05E-05,NA,MC,NA,NA,1,Julia
0.026737345,8.39E-05,0.029396552,8.89E-05,NA,MC,NA,NA,1,Julia
0.02697765,8.38E-05,0.028951296,8.46E-05,NA,MC,NA,NA,1,Julia
0.041964488,9.14608E-05,0.035151737,0.000116771,NA,MC,NA,NA,1,Julia
0.036376609,0.000115067,0.033945243,0.000112671,NA,MC,NA,NA,1,Julia
0.058237527,8.79019E-05,0.057459474,0.000183367,NA,MC,NA,NA,1,Julia
0.059064591,8.79871E-05,0.056435046,0.000179383,NA,MC,NA,NA,1,Julia
0.01742395,7.03E-05,0.024637955,7.57E-05,NA,MC,NA,NA,1,Julia
0.017363966,7.00E-05,0.01910698,7.27E-05,NA,MC,NA,NA,1,Julia
0.02407011,7.91E-05,0.021173298,7.63E-05,NA,MC,NA,NA,1,Julia
0.02422459,7.87E-05,0.02030785,7.39E-05,NA,MC,NA,NA,1,Julia
0.022522491,7.80E-05,0.021759638,7.45E-05,NA,MC,NA,NA,1,Julia
0.022682045,7.80E-05,0.021036016,7.02E-05,NA,MC,NA,NA,1,Julia
0.036883388,9.13018E-05,0.031139442,0.000111659,NA,MC,NA,NA,1,Julia
0.036899116,0.00011137,0.02932311,0.000103137,NA,MC,NA,NA,1,Julia
0.02591647,8.97E-05,0.036031301,0.000103719,NA,PMC,NA,NA,1,Julia
0.026089234,0.000100085,0.029929647,0.000100899,NA,MC,NA,NA,1,Julia
0.026314877,0.000100443,0.030093451,0.000102047,NA,PMC,NA,NA,1,Julia
0.025184705,8.88E-05,0.025195396,8.37E-05,NA,MC,NA,NA,1,Julia
0.025369883,8.90E-05,0.019192466,8.11E-05,NA,MC,NA,NA,1,Julia
0.018674061,6.81E-05,0.021758676,7.54E-05,NA,MC,NA,NA,1,Julia
0.01856723,6.71E-05,0.020774771,7.17E-05,NA,MC,NA,NA,1,Julia
0.024898018,9.34E-05,0.027736417,9.40E-05,NA,MC,NA,NA,1,Julia
0.025080239,8.36E-05,0.026810867,9.04E-05,NA,MC,NA,NA,1,Julia
0.02546414,8.40E-05,0.027244471,9.12E-05,NA,PMC,NA,NA,1,Julia
0.037508553,8.83E-05,0.035417974,8.87E-05,NA,MC,NA,NA,1,Julia
0.038169597,8.89E-05,0.0308058,8.76E-05,NA,MC,NA,NA,1,Julia
0.031629809,8.97E-05,0.030714972,9.06E-05,NA,MC,NA,NA,1,Julia
0.01742395,6.81E-05,0.02137446,8.76E-05,NA,MC,NA,NA,1,Julia
0.013489273,7.80E-05,0.01839494,0.000100899,NA,MC,NA,NA,1,Julia
0.027384985,7.87E-05,0.024748504,7.63E-05,NA,MC,NA,NA,1,Julia
0.031526326,9.36E-05,0.023449575,7.06E-05,NA,MC,NA,NA,1,Julia
0.01742395,6.99E-05,0.030714264,7.54E-05,NA,MC,NA,NA,1,Julia
0.016943839,6.92E-05,0.020374848,7.45E-05,NA,MC,NA,NA,1,Julia
0.014367339,8.97E-05,0.037273849,7.17E-05,NA,MC,NA,NA,1,Julia
0.02673395,7.87E-05,0.0193484,8.11E-05,NA,MC,NA,NA,1,Julia
0.018738395,6.81E-05,0.02739475,9.06E-05,NA,MC,NA,NA,1,Julia
0.032005495,0.000100016,0.026161962,8.90E-05,NA,MC,NA,NA,1,Julia
0.025862669,0.000101012,NA,NA,0.010151329,NA,PMC,NA,1,Julia
0.026064421,0.000101465,NA,NA,0.01047813,NA,PMC,NA,1,Julia
0.026177768,0.000101499,NA,NA,0.010866209,NA,PMC,NA,1,Julia
0.033854041,9.29E-05,NA,NA,0.000980344,NA,PMC,NA,1,Julia
0.034211687,9.25E-05,NA,NA,0.000979653,NA,AB,NA,1,Julia
0.046371542,0.00010973,NA,NA,0.000720452,NA,PMC,NA,1,Julia
0.047348951,0.000110694,NA,NA,0.000746182,NA,AB,NA,1,Julia
0.022598678,8.57E-05,NA,NA,0.011010285,NA,AB,NA,1,Julia
0.022756364,8.60E-05,NA,NA,0.01140351,NA,AB,NA,1,Julia
0.022821797,8.57E-05,NA,NA,0.011825862,NA,AB,NA,1,Julia
0.029670605,9.72E-05,NA,NA,0.000896848,NA,AB,NA,1,Julia
0.030093352,9.77E-05,NA,NA,0.000928879,NA,AB,NA,1,Julia
0.032317698,9.86E-05,NA,NA,0.000889216,NA,AB,NA,1,Julia
0.03277368,7.91E-05,NA,NA,0.00092215,NA,AB,NA,1,Julia
0.027913971,0.000108354,NA,NA,0.000972797,NA,AB,NA,1,Julia
0.028257167,0.000109407,NA,NA,0.00100754,NA,AB,NA,1,Julia
0.023452496,8.99E-05,NA,NA,0.002073896,NA,AB,NA,1,Julia
0.023570112,9.01E-05,NA,NA,0.002147964,NA,AB,NA,1,Julia
0.03424481,9.88E-05,NA,NA,0.010906339,NA,PMC,NA,1,Julia
0.034739724,9.90E-05,NA,NA,0.011282419,NA,PMC,NA,1,Julia
0.029418689,9.97E-05,NA,NA,0.011649626,NA,PMC,NA,1,Julia
0.029709989,0.000102976,NA,NA,0.000985104,NA,AB,NA,1,Julia
0.030056681,0.000103656,NA,NA,0.001020287,NA,AB,NA,1,Julia
0.030172965,8.76E-05,NA,NA,0.00122876,NA,AB,NA,1,Julia
0.030575182,8.79E-05,NA,NA,0.001272644,NA,AB,NA,1,Julia
0.022386466,8.78E-05,NA,NA,0.000761723,NA,AB,NA,1,Julia
0.022447233,8.77E-05,NA,NA,0.000788927,NA,PMC,NA,1,Julia
0.027863324,9.86E-05,NA,NA,0.011256615,NA,PMC,NA,1,Julia
0.028184175,9.93E-05,NA,NA,0.01161008,NA,PMC,NA,1,Julia
0.028704313,9.98E-05,NA,NA,0.012024726,NA,PMC,NA,1,Julia
0.02995778,9.50E-05,NA,NA,0.00104905,NA,PMC,NA,1,Julia
0.030056724,9.41E-05,NA,NA,0.001086516,NA,PMC,NA,1,Julia
0.032988199,9.91E-05,NA,NA,0.000764888,NA,PMC,NA,1,Julia
0.033475735,9.96E-05,NA,NA,0.000757022,NA,PMC,NA,1,Julia
0.035866013,0.000107929,NA,NA,0.00158749,NA,PMC,NA,1,Julia
0.036514502,0.000108922,NA,NA,0.001644186,NA,PMC,NA,1,Julia
0.028918127,7.81E-05,NA,NA,0.000853152,NA,PMC,NA,1,Julia
0.029309,7.81E-05,NA,NA,0.000845909,NA,PMC,NA,1,Julia
0.028572699,9.70E-05,NA,NA,0.012321497,NA,AB,NA,1,Julia
0.028692067,9.66E-05,NA,NA,0.01276155,NA,AB,NA,1,Julia
0.028939918,9.65E-05,NA,NA,0.013197166,NA,AB,NA,1,Julia
0.026805912,8.28E-05,NA,NA,0.000912749,NA,AB,NA,1,Julia
0.027050107,8.26E-05,NA,NA,0.000945347,NA,PMC,NA,1,Julia
0.02798189,8.83E-05,NA,NA,0.000798423,NA,AB,NA,1,Julia
0.02832084,8.86E-05,NA,NA,0.000791379,NA,AB,NA,1,Julia
NA,NA,0.01997401,9.28E-05,0.000965316,NA,NA,MC,1,Julia
NA,NA,0.019677094,8.93E-05,0.000999791,NA,NA,MC,1,Julia
NA,NA,0.021436806,9.56E-05,0.00103634,NA,NA,MC,1,Julia
NA,NA,0.021149627,9.21E-05,0.001073352,NA,NA,MC,1,Julia
NA,NA,0.017935547,7.64E-05,0.000939706,NA,NA,MC,1,Julia
NA,NA,0.017573195,7.23E-05,0.000973267,NA,NA,MC,1,Julia
NA,NA,0.017991806,7.47E-05,0.000846698,NA,NA,MC,1,Julia
NA,NA,0.017634732,7.06E-05,0.000876938,NA,NA,MC,1,Julia
NA,NA,0.017661251,7.34E-05,0.000968308,NA,NA,MC,1,Julia
NA,NA,0.017252386,6.92E-05,0.000967179,NA,NA,MC,1,Julia
NA,NA,0.018982361,8.64E-05,0.000756987,NA,NA,MC,1,Julia
NA,NA,0.018620874,8.26E-05,0.000784022,NA,NA,MC,1,Julia
NA,NA,0.020552906,9.29E-05,0.00116359,NA,NA,MC,1,Julia
NA,NA,0.020290775,8.96E-05,0.001166659,NA,NA,AB,1,Julia
NA,NA,0.021028231,9.01E-05,0.001239777,NA,NA,AB,1,Julia
NA,NA,0.02067061,8.60E-05,0.001245558,NA,NA,AB,1,Julia
NA,NA,0.01713442,7.30E-05,0.000905119,NA,NA,AB,1,Julia
NA,NA,0.016746564,6.89E-05,0.000897024,NA,NA,AB,1,Julia
NA,NA,0.018714502,7.64E-05,0.000931871,NA,NA,AB,1,Julia
NA,NA,0.018366141,7.24E-05,0.000929415,NA,NA,AB,1,Julia
NA,NA,0.017162718,7.22E-05,0.000723477,NA,NA,AB,1,Julia
NA,NA,0.01673712,6.76E-05,0.000713604,NA,NA,MC,1,Julia
NA,NA,0.017381043,7.27E-05,0.000728336,NA,NA,AB,1,Julia
NA,NA,0.016998223,6.84E-05,0.000718653,NA,NA,AB,1,Julia
NA,NA,0.017183123,7.32E-05,0.000753493,NA,NA,MC,1,Julia
NA,NA,0.016796853,6.91E-05,0.000780404,NA,NA,AB,1,Julia
NA,NA,0.0177604,7.42E-05,0.000759898,NA,NA,AB,1,Julia
NA,NA,0.017395224,7.01E-05,0.000787037,NA,NA,AB,1,Julia
NA,NA,0.017989183,7.50E-05,0.000819502,NA,NA,MC,1,Julia
NA,NA,0.017631701,7.09E-05,0.000813067,NA,NA,AB,1,Julia
NA,NA,0.01733562,7.39E-05,0.000862138,NA,NA,MC,1,Julia
NA,NA,0.016954618,6.98E-05,0.000857217,NA,NA,MC,1,Julia
NA,NA,0.017030091,7.19E-05,0.000990062,NA,NA,MC,1,Julia
NA,NA,0.016552329,6.74E-05,0.00098965,NA,NA,MC,1,Julia
NA,NA,0.017635609,7.44E-05,0.000973068,NA,NA,AB,1,Julia
NA,NA,0.017158449,6.97E-05,0.000972186,NA,NA,AB,1,Julia
NA,NA,0.017591961,7.66E-05,0.001007458,NA,NA,AB,1,Julia
NA,NA,0.017113362,7.24E-05,0.00100685,NA,NA,AB,1,Julia
NA,NA,0.017091513,7.21E-05,0.000964526,NA,NA,AB,1,Julia
NA,NA,0.016654994,6.78E-05,0.000963134,NA,NA,AB,1,Julia
0.106262056,0.000389412,0.137956019,0.000536359,NA,MC,NA,NA,1,Python
0.106262056,0.000389412,0.137956019,0.000536359,NA,MC,NA,NA,1,Python
0.114924844,0.000371608,0.142096593,0.000519373,NA,MC,NA,NA,1,Python
0.114924844,0.000371608,0.142096593,0.000519373,NA,MC,NA,NA,1,Python
0.116711912,0.000379723,0.150993232,0.000508016,NA,MC,NA,NA,1,Python
0.116711912,0.000379723,0.150993232,0.000508016,NA,PMC,NA,NA,1,Python
0.078805259,0.000364574,0.115656795,0.000455845,NA,MC,NA,NA,1,Python
0.078805259,0.000364574,0.115656795,0.000455845,NA,PMC,NA,NA,1,Python
0.120304474,0.00038162,0.158501165,0.000523574,NA,MC,NA,NA,1,Python
0.120304474,0.00038162,0.158501165,0.000523574,NA,MC,NA,NA,1,Python
0.118298531,0.000412995,0.126688412,0.000593448,NA,MC,NA,NA,1,Python
0.118298531,0.000412995,0.126688412,0.000593448,NA,PMC,NA,NA,1,Python
0.118298531,0.000412995,0.126688412,0.000593448,NA,MC,NA,NA,1,Python
0.152969599,0.000471067,0.091350868,0.000732737,NA,PMC,NA,NA,1,Python
0.152969599,0.000471067,0.091350868,0.000732737,NA,MC,NA,NA,1,Python
0.150895516,0.000405417,0.141201504,0.000535368,NA,MC,NA,NA,1,Python
0.150895516,0.000405417,0.141201504,0.000535368,NA,MC,NA,NA,1,Python
0.132192953,0.000411375,0.165060117,0.000584555,NA,PMC,NA,NA,1,Python
0.132192953,0.000411375,0.165060117,0.000584555,NA,MC,NA,NA,1,Python
0.257840684,0.00089295,0.372070477,0.001132396,NA,MC,NA,NA,1,Python
0.257840684,0.00089295,0.372070477,0.001132396,NA,PMC,NA,NA,1,Python
0.331588268,0.000920187,0.197050386,0.001326475,NA,PMC,NA,NA,1,Python
0.331588268,0.000920187,0.197050386,0.001326475,NA,MC,NA,NA,1,Python
0.084775949,0.000385994,0.132042348,0.000529957,NA,MC,NA,NA,1,Python
0.084775949,0.000385994,0.132042348,0.000529957,NA,MC,NA,NA,1,Python
0.084775949,0.000385994,0.132042348,0.000529957,NA,MC,NA,NA,1,Python
0.084775949,0.000385994,0.132042348,0.000529957,NA,MC,NA,NA,1,Python
0.135800626,0.000391985,0.088867401,0.000506246,NA,MC,NA,NA,1,Python
0.135800626,0.000391985,0.088867401,0.000506246,NA,MC,NA,NA,1,Python
0.135800626,0.000391985,0.088867401,0.000506246,NA,MC,NA,NA,1,Python
0.132618526,0.000468686,0.176614647,0.000673517,NA,PMC,NA,NA,1,Python
0.132618526,0.000468686,0.176614647,0.000673517,NA,PMC,NA,NA,1,Python
0.134878576,0.000570749,0.211435844,0.000771961,NA,MC,NA,NA,1,Python
0.134878576,0.000570749,0.211435844,0.000771961,NA,MC,NA,NA,1,Python
0.18936209,0.000636637,0.235531994,0.000853374,NA,MC,NA,NA,1,Python
0.18936209,0.000636637,0.235531994,0.000853374,NA,PMC,NA,NA,1,Python
0.069235844,0.00047768,0.158606138,0.000696501,NA,MC,NA,NA,1,Python
0.069235844,0.00047768,0.158606138,0.000696501,NA,MC,NA,NA,1,Python
0.163881855,0.00049113,0.184567854,0.000649855,NA,MC,NA,NA,1,Python
0.163881855,0.00049113,0.184567854,0.000649855,NA,MC,NA,NA,1,Python
0.122567519,0.00040785,0.131679969,0.000583247,NA,MC,NA,NA,1,Python
0.122567519,0.00040785,0.131679969,0.000583247,NA,MC,NA,NA,1,Python
0.144618327,0.000466659,0.119746258,0.000652488,NA,MC,NA,NA,1,Python
0.144618327,0.000466659,0.119746258,0.000652488,NA,PMC,NA,NA,1,Python
0.115592829,0.000500817,NA,NA,0.007361738,NA,PMC,NA,1,Python
0.115592829,0.000500817,NA,NA,0.007361738,NA,PMC,NA,1,Python
0.176867304,0.000590112,NA,NA,0.006450049,NA,AB,NA,1,Python
0.176867304,0.000590112,NA,NA,0.006450049,NA,PMC,NA,1,Python
0.130476072,0.000600372,NA,NA,0.007787585,NA,PMC,NA,1,Python
0.130476072,0.000600372,NA,NA,0.007787585,NA,AB,NA,1,Python
0.147211338,0.000487008,NA,NA,0.004169194,NA,AB,NA,1,Python
0.147211338,0.000487008,NA,NA,0.004169194,NA,PMC,NA,1,Python
0.128586982,0.000529102,NA,NA,0.006332048,NA,PMC,NA,1,Python
0.128586982,0.000529102,NA,NA,0.006332048,NA,PMC,NA,1,Python
0.108830764,0.000493564,NA,NA,0.007714987,NA,PMC,NA,1,Python
0.108830764,0.000493564,NA,NA,0.007714987,NA,PMC,NA,1,Python
0.20189194,0.000586612,NA,NA,0.007685026,NA,PMC,NA,1,Python
0.20189194,0.000586612,NA,NA,0.007685026,NA,AB,NA,1,Python
0.097771784,0.000502416,NA,NA,0.005479185,NA,AB,NA,1,Python
0.097771784,0.000502416,NA,NA,0.005479185,NA,AB,NA,1,Python
0.113325333,0.000499406,NA,NA,0.005621823,NA,AB,NA,1,Python
0.113325333,0.000499406,NA,NA,0.005621823,NA,AB,NA,1,Python
0.113325333,0.000499406,NA,NA,0.005621823,NA,PMC,NA,1,Python
0.173336827,0.000550187,NA,NA,0.004850475,NA,PMC,NA,1,Python
0.173336827,0.000550187,NA,NA,0.004850475,NA,PMC,NA,1,Python
0.15749445,0.000513932,NA,NA,0.003741336,NA,PMC,NA,1,Python
0.15749445,0.000513932,NA,NA,0.003741336,NA,AB,NA,1,Python
0.191627593,0.000509513,NA,NA,0.005114913,NA,AB,NA,1,Python
0.191627593,0.000509513,NA,NA,0.005114913,NA,PMC,NA,1,Python
0.141894423,0.000505431,NA,NA,0.004169854,NA,PMC,NA,1,Python
0.141894423,0.000505431,NA,NA,0.004169854,NA,PMC,NA,1,Python
0.189231741,0.000563222,NA,NA,0.00620242,NA,PMC,NA,1,Python
0.189231741,0.000563222,NA,NA,0.00620242,NA,PMC,NA,1,Python
0.134811064,0.000519631,NA,NA,0.006354685,NA,PMC,NA,1,Python
0.134811064,0.000519631,NA,NA,0.006354685,NA,AB,NA,1,Python
0.190311392,0.000562625,NA,NA,0.005855083,NA,AB,NA,1,Python
0.190311392,0.000562625,NA,NA,0.005855083,NA,AB,NA,1,Python
0.138799692,0.000498168,NA,NA,0.004301825,NA,AB,NA,1,Python
0.138799692,0.000498168,NA,NA,0.004301825,NA,PMC,NA,1,Python
0.138799692,0.000498168,NA,NA,0.004301825,NA,PMC,NA,1,Python
0.128537515,0.000428349,NA,NA,0.003880119,NA,PMC,NA,1,Python
0.128537515,0.000428349,NA,NA,0.003880119,NA,PMC,NA,1,Python
0.128537515,0.000428349,NA,NA,0.003880119,NA,AB,NA,1,Python
0.17997343,0.000527767,NA,NA,0.006153719,NA,PMC,NA,1,Python
0.17997343,0.000527767,NA,NA,0.006153719,NA,AB,NA,1,Python
0.148947906,0.000422129,NA,NA,0.003008119,NA,AB,NA,1,Python
0.148947906,0.000422129,NA,NA,0.003008119,NA,AB,NA,1,Python
NA,NA,0.161211951,0.000645333,0.005188354,NA,NA,MC,1,Python
NA,NA,0.161211951,0.000645333,0.005188354,NA,NA,MC,1,Python
NA,NA,0.198596231,0.000844311,0.006549803,NA,NA,MC,1,Python
NA,NA,0.198596231,0.000844311,0.006549803,NA,NA,AB,1,Python
NA,NA,0.146099411,0.000583614,0.004656132,NA,NA,AB,1,Python
NA,NA,0.146099411,0.000583614,0.004656132,NA,NA,AB,1,Python
NA,NA,0.140750096,0.000561842,0.004793564,NA,NA,AB,1,Python
NA,NA,0.140750096,0.000561842,0.004793564,NA,NA,MC,1,Python
NA,NA,0.14423321,0.000579075,0.00475293,NA,NA,AB,1,Python
NA,NA,0.14423321,0.000579075,0.00475293,NA,NA,AB,1,Python
NA,NA,0.148934471,0.000596778,0.005292869,NA,NA,AB,1,Python
NA,NA,0.148934471,0.000596778,0.005292869,NA,NA,AB,1,Python
NA,NA,0.16107357,0.000666963,0.005672129,NA,NA,AB,1,Python
NA,NA,0.16107357,0.000666963,0.005672129,NA,NA,AB,1,Python
NA,NA,0.14782719,0.000609966,0.005142434,NA,NA,AB,1,Python
NA,NA,0.14782719,0.000609966,0.005142434,NA,NA,MC,1,Python
NA,NA,0.167007191,0.000687898,0.005389913,NA,NA,MC,1,Python
NA,NA,0.167007191,0.000687898,0.005389913,NA,NA,MC,1,Python
NA,NA,0.139668695,0.000558853,0.004585767,NA,NA,AB,1,Python
NA,NA,0.139668695,0.000558853,0.004585767,NA,NA,MC,1,Python
NA,NA,0.139144289,0.000555989,0.004854989,NA,NA,MC,1,Python
NA,NA,0.139144289,0.000555989,0.004854989,NA,NA,MC,1,Python
NA,NA,0.14196423,0.000571219,0.004612438,NA,NA,AB,1,Python
NA,NA,0.14196423,0.000571219,0.004612438,NA,NA,AB,1,Python
NA,NA,0.142992349,0.000573495,0.004717247,NA,NA,AB,1,Python
NA,NA,0.142992349,0.000573495,0.004717247,NA,NA,AB,1,Python
NA,NA,0.139585618,0.000560525,0.004622269,NA,NA,AB,1,Python
NA,NA,0.139585618,0.000560525,0.004622269,NA,NA,AB,1,Python
NA,NA,0.140058822,0.000556301,0.004565303,NA,NA,AB,1,Python
NA,NA,0.140058822,0.000556301,0.004565303,NA,NA,AB,1,Python
NA,NA,0.140150753,0.000557846,0.004852208,NA,NA,AB,1,Python
NA,NA,0.140150753,0.000557846,0.004852208,NA,NA,AB,1,Python
NA,NA,0.137832732,0.000545144,0.005087328,NA,NA,AB,1,Python
NA,NA,0.137832732,0.000545144,0.005087328,NA,NA,AB,1,Python
NA,NA,0.136230872,0.000563531,0.004941988,NA,NA,AB,1,Python
NA,NA,0.136230872,0.000563531,0.004941988,NA,NA,MC,1,Python
NA,NA,0.135799679,0.000543716,0.004852343,NA,NA,MC,1,Python
NA,NA,0.135799679,0.000543716,0.004852343,NA,NA,MC,1,Python
NA,NA,0.13805576,0.000553031,0.00487357,NA,NA,AB,1,Python
NA,NA,0.13805576,0.000553031,0.00487357,NA,NA,MC,1,Python
0.146673237,8.42E-05,0.126126392,8.36E-05,NA,PMC,NA,NA,5,Julia
0.148772725,8.44E-05,0.128768011,8.15E-05,NA,PMC,NA,NA,5,Julia
0.154400298,9.59E-05,0.161223579,9.36E-05,NA,MC,NA,NA,5,Julia
0.156575344,9.63E-05,0.160573162,9.20E-05,NA,MC,NA,NA,5,Julia
0.137634686,8.36E-05,0.114508169,8.49E-05,NA,PMC,NA,NA,5,Julia
0.139250799,8.37E-05,0.112262275,8.37E-05,NA,MC,NA,NA,5,Julia
0.096932146,8.75E-05,0.122657801,7.96E-05,NA,MC,NA,NA,5,Julia
0.096926313,8.77E-05,0.120897426,7.82E-05,NA,MC,NA,NA,5,Julia
0.12829486,8.20E-05,0.100329638,7.46E-05,NA,MC,NA,NA,5,Julia
0.129164245,8.17E-05,0.097908744,7.23E-05,NA,MC,NA,NA,5,Julia
0.173652378,9.97E-05,0.175205231,0.000104211,NA,MC,NA,NA,5,Julia
0.176097206,1.00E-04,0.173350343,0.0001025,NA,MC,NA,NA,5,Julia
0.177364876,0.000111144,0.113645162,0.000106582,NA,MC,NA,NA,5,Julia
0.179762551,0.000111587,0.11544043,0.000104413,NA,MC,NA,NA,5,Julia
0.157396366,9.63E-05,0.115020231,9.10E-05,NA,MC,NA,NA,5,Julia
0.158374812,9.65E-05,0.115547795,8.92E-05,NA,PMC,NA,NA,5,Julia
0.189912055,0.000117668,0.154527327,0.000115645,NA,MC,NA,NA,5,Julia
0.185271475,0.000111801,0.142965717,0.000108294,NA,MC,NA,NA,5,Julia
0.178409329,0.000105989,0.143929905,0.000108318,NA,MC,NA,NA,5,Julia
0.156053228,9.03E-05,0.134159063,8.49E-05,NA,MC,NA,NA,5,Julia
0.157491825,9.06E-05,0.133588217,8.31E-05,NA,MC,NA,NA,5,Julia
0.122136132,8.74E-05,0.100789581,8.68E-05,NA,MC,NA,NA,5,Julia
0.122010938,8.74E-05,0.098733505,8.49E-05,NA,MC,NA,NA,5,Julia
0.138126338,9.06E-05,0.162502944,8.89E-05,NA,MC,NA,NA,5,Julia
0.139530466,9.07E-05,0.162097843,8.69E-05,NA,MC,NA,NA,5,Julia
0.110510851,7.73E-05,0.102421616,7.91E-05,NA,MC,NA,NA,5,Julia
0.111068206,7.71E-05,0.099765769,7.77E-05,NA,MC,NA,NA,5,Julia
0.136895648,8.70E-05,0.103472326,8.23E-05,NA,MC,NA,NA,5,Julia
0.138666456,8.73E-05,0.10195416,8.01E-05,NA,MC,NA,NA,5,Julia
0.125450208,8.22E-05,0.108937685,9.17E-05,NA,MC,NA,NA,5,Julia
0.125640954,8.14E-05,0.11042449,8.78E-05,NA,PMC,NA,NA,5,Julia
0.123749379,8.80E-05,0.129245332,8.51E-05,NA,MC,NA,NA,5,Julia
0.124727173,8.81E-05,0.131689946,8.24E-05,NA,MC,NA,NA,5,Julia
0.17500689,0.000108754,0.167593665,0.000103519,NA,PMC,NA,NA,5,Julia
0.180142244,0.000110836,0.167767167,8.84E-05,NA,PMC,NA,NA,5,Julia
0.227174389,0.000127468,0.203213257,0.000122604,NA,MC,NA,NA,5,Julia
0.23179067,0.000129007,0.203619719,0.000122113,NA,MC,NA,NA,5,Julia
0.15065393,9.82E-05,0.16122003,0.000103092,NA,MC,NA,NA,5,Julia
0.151601962,9.78E-05,0.164536238,9.95E-05,NA,MC,NA,NA,5,Julia
0.103233227,6.49E-05,0.089242812,6.25E-05,NA,PMC,NA,NA,5,Julia
0.099632961,6.44E-05,0.086265371,6.05E-05,NA,PMC,NA,NA,5,Julia
0.099157645,6.38E-05,0.086545334,6.03E-05,NA,PMC,NA,NA,5,Julia
0.098761098,7.69E-05,NA,NA,0.004424712,NA,PMC,NA,5,Julia
0.097299695,7.62E-05,NA,NA,0.004582737,NA,PMC,NA,5,Julia
0.126094639,8.49E-05,NA,NA,0.002511621,NA,PMC,NA,5,Julia
0.124096429,8.22E-05,NA,NA,0.002530531,NA,PMC,NA,5,Julia
0.135245274,0.000115335,NA,NA,0.006003183,NA,PMC,NA,5,Julia
0.132810354,0.000113128,NA,NA,0.006146107,NA,PMC,NA,5,Julia
0.133237288,7.78E-05,NA,NA,0.002587368,NA,AB,NA,5,Julia
0.132851464,7.70E-05,NA,NA,0.002644045,NA,AB,NA,5,Julia
0.106650106,7.79E-05,NA,NA,0.001828621,NA,AB,NA,5,Julia
0.10670375,7.74E-05,NA,NA,0.001858192,NA,AB,NA,5,Julia
0.163806841,0.000107036,NA,NA,0.004345105,NA,AB,NA,5,Julia
0.164825286,0.000107489,NA,NA,0.004464584,NA,AB,NA,5,Julia
0.137663424,0.000110603,NA,NA,0.002881856,NA,AB,NA,5,Julia
0.136430802,0.000110281,NA,NA,0.002913364,NA,AB,NA,5,Julia
0.136216971,0.000109596,NA,NA,0.002947189,NA,AB,NA,5,Julia
0.083542733,7.61E-05,NA,NA,0.00378233,NA,AB,NA,5,Julia
0.082008345,7.57E-05,NA,NA,0.003881744,NA,AB,NA,5,Julia
0.112278436,7.60E-05,NA,NA,0.009864338,NA,AB,NA,5,Julia
0.111164384,7.51E-05,NA,NA,0.010135618,NA,AB,NA,5,Julia
0.109967397,7.40E-05,NA,NA,0.010458801,NA,AB,NA,5,Julia
0.12739001,8.79E-05,NA,NA,0.002310802,NA,PMC,NA,5,Julia
0.125056355,8.62E-05,NA,NA,0.002321814,NA,PMC,NA,5,Julia
0.113798347,9.18E-05,NA,NA,0.002099333,NA,PMC,NA,5,Julia
0.113904638,9.17E-05,NA,NA,0.002138538,NA,PMC,NA,5,Julia
0.10113028,9.31E-05,NA,NA,0.00605695,NA,AB,NA,5,Julia
0.100342844,9.33E-05,NA,NA,0.00620148,NA,AB,NA,5,Julia
0.143471767,9.82E-05,NA,NA,0.003838901,NA,AB,NA,5,Julia
0.137866684,9.74E-05,NA,NA,0.003904164,NA,AB,NA,5,Julia
0.082720255,9.04E-05,NA,NA,0.002641746,NA,AB,NA,5,Julia
0.08166647,9.02E-05,NA,NA,0.00266099,NA,AB,NA,5,Julia
0.0819584,9.02E-05,NA,NA,0.00272506,NA,AB,NA,5,Julia
0.150611613,0.000102426,NA,NA,0.010031501,NA,AB,NA,5,Julia
0.152213158,0.000102825,NA,NA,0.010344571,NA,AB,NA,5,Julia
0.14978119,0.000103445,NA,NA,0.010673829,NA,AB,NA,5,Julia
0.099008601,9.99E-05,NA,NA,0.006910086,NA,AB,NA,5,Julia
0.098952668,0.00010037,NA,NA,0.007120805,NA,AB,NA,5,Julia
0.242864946,0.000129061,NA,NA,0.003462602,NA,PMC,NA,5,Julia
0.247605349,0.000130251,NA,NA,0.003586267,NA,PMC,NA,5,Julia
0.104353214,9.32E-05,NA,NA,0.002123512,NA,AB,NA,5,Julia
0.102537513,9.27E-05,NA,NA,0.002164509,NA,AB,NA,5,Julia
0.11643311,7.30E-05,NA,NA,0.003009755,NA,PMC,NA,5,Julia
0.111386105,7.23E-05,NA,NA,0.003117246,NA,PMC,NA,5,Julia
0.105461112,6.93E-05,NA,NA,0.001491826,NA,AB,NA,5,Julia
0.104775641,6.87E-05,NA,NA,0.001509437,NA,AB,NA,5,Julia
NA,NA,0.079839349,6.99E-05,0.00331882,NA,NA,AB,5,Julia
NA,NA,0.076405825,6.75E-05,0.003402012,NA,NA,AB,5,Julia
NA,NA,0.080060354,6.92E-05,0.003232528,NA,NA,AB,5,Julia
NA,NA,0.076555535,6.67E-05,0.003313942,NA,NA,AB,5,Julia
NA,NA,0.079637681,6.93E-05,0.003384278,NA,NA,AB,5,Julia
NA,NA,0.076182922,6.68E-05,0.003468982,NA,NA,AB,5,Julia
NA,NA,0.080067379,7.00E-05,0.003408596,NA,NA,AB,5,Julia
NA,NA,0.076708882,6.76E-05,0.003458823,NA,NA,MC,5,Julia
NA,NA,0.079660228,6.94E-05,0.003331341,NA,NA,AB,5,Julia
NA,NA,0.076312842,6.70E-05,0.003379124,NA,NA,AB,5,Julia
NA,NA,0.079383731,6.94E-05,0.003422786,NA,NA,AB,5,Julia
NA,NA,0.076250553,6.72E-05,0.003508593,NA,NA,AB,5,Julia
NA,NA,0.07953975,6.95E-05,0.003360378,NA,NA,AB,5,Julia
NA,NA,0.07605913,6.69E-05,0.003409071,NA,NA,AB,5,Julia
NA,NA,0.079006595,6.85E-05,0.003245724,NA,NA,AB,5,Julia
NA,NA,0.075717273,6.61E-05,0.003289946,NA,NA,MC,5,Julia
NA,NA,0.078652603,6.88E-05,0.00323497,NA,NA,AB,5,Julia
NA,NA,0.075454765,6.65E-05,0.003279993,NA,NA,AB,5,Julia
NA,NA,0.078906562,6.87E-05,0.003363034,NA,NA,AB,5,Julia
NA,NA,0.075297347,6.61E-05,0.003447448,NA,NA,AB,5,Julia
NA,NA,0.079264837,6.92E-05,0.003288738,NA,NA,AB,5,Julia
NA,NA,0.075887512,6.68E-05,0.003334863,NA,NA,AB,5,Julia
NA,NA,0.079209251,6.90E-05,0.003295191,NA,NA,AB,5,Julia
NA,NA,0.075858566,6.66E-05,0.003376884,NA,NA,AB,5,Julia
NA,NA,0.078162014,6.83E-05,0.003184853,NA,NA,AB,5,Julia
NA,NA,0.074835451,6.59E-05,0.003227285,NA,NA,AB,5,Julia
NA,NA,0.079229576,6.94E-05,0.003290982,NA,NA,MC,5,Julia
NA,NA,0.075958296,6.71E-05,0.003372797,NA,NA,MC,5,Julia
NA,NA,0.080028457,6.94E-05,0.003142242,NA,NA,MC,5,Julia
NA,NA,0.076603466,6.69E-05,0.00321791,NA,NA,AB,5,Julia
NA,NA,0.07866833,6.87E-05,0.003255441,NA,NA,AB,5,Julia
NA,NA,0.075328836,6.63E-05,0.003336132,NA,NA,AB,5,Julia
NA,NA,0.079884768,6.94E-05,0.003311248,NA,NA,AB,5,Julia
NA,NA,0.076384765,6.69E-05,0.003393522,NA,NA,AB,5,Julia
NA,NA,0.078879399,6.86E-05,0.003271128,NA,NA,AB,5,Julia
NA,NA,0.075801108,6.64E-05,0.003356627,NA,NA,AB,5,Julia
NA,NA,0.078194576,6.84E-05,0.003115769,NA,NA,AB,5,Julia
NA,NA,0.075005876,6.61E-05,0.003191003,NA,NA,MC,5,Julia
NA,NA,0.078987667,6.93E-05,0.00325905,NA,NA,AB,5,Julia
NA,NA,0.075813885,6.71E-05,0.003340168,NA,NA,AB,5,Julia
0.628837224,0.000418907,0.627546746,0.000558804,NA,MC,NA,NA,5,Python
0.628837224,0.000418907,0.627546746,0.000558804,NA,MC,NA,NA,5,Python
0.522689239,0.00043847,0.682885121,0.000607824,NA,MC,NA,NA,5,Python
0.522689239,0.00043847,0.682885121,0.000607824,NA,MC,NA,NA,5,Python
0.356756568,0.000364553,0.592445365,0.000504366,NA,MC,NA,NA,5,Python
0.356756568,0.000364553,0.592445365,0.000504366,NA,MC,NA,NA,5,Python
0.356756568,0.000364553,0.592445365,0.000504366,NA,MC,NA,NA,5,Python
0.6138232,0.000409721,0.673560438,0.000557401,NA,MC,NA,NA,5,Python
0.6138232,0.000409721,0.673560438,0.000557401,NA,MC,NA,NA,5,Python
0.596209915,0.000431803,0.684693838,0.000606529,NA,MC,NA,NA,5,Python
0.596209915,0.000431803,0.684693838,0.000606529,NA,MC,NA,NA,5,Python
0.52962333,0.000496059,0.620982078,0.000749426,NA,MC,NA,NA,5,Python
0.52962333,0.000496059,0.620982078,0.000749426,NA,MC,NA,NA,5,Python
0.845803714,0.000467945,1.083589145,0.000731155,NA,PMC,NA,NA,5,Python
0.845803714,0.000467945,1.083589145,0.000731155,NA,PMC,NA,NA,5,Python
0.801519863,0.000516572,0.795780659,0.000670535,NA,MC,NA,NA,5,Python
0.801519863,0.000516572,0.795780659,0.000670535,NA,MC,NA,NA,5,Python
1.025032208,0.000667628,1.126633323,0.000814425,NA,MC,NA,NA,5,Python
1.025032208,0.000667628,1.126633323,0.000814425,NA,MC,NA,NA,5,Python
1.025032208,0.000667628,1.126633323,0.000814425,NA,MC,NA,NA,5,Python
0.587975913,0.00041512,0.773804232,0.000573633,NA,MC,NA,NA,5,Python
0.587975913,0.00041512,0.773804232,0.000573633,NA,MC,NA,NA,5,Python
0.545629144,0.000419199,0.585781617,0.000617247,NA,PMC,NA,NA,5,Python
0.545629144,0.000419199,0.585781617,0.000617247,NA,PMC,NA,NA,5,Python
0.517622043,0.000424603,0.630572557,0.000576505,NA,MC,NA,NA,5,Python
0.517622043,0.000424603,0.630572557,0.000576505,NA,MC,NA,NA,5,Python
0.517622043,0.000424603,0.630572557,0.000576505,NA,MC,NA,NA,5,Python
0.897421007,0.000668745,1.264031542,0.000775572,NA,MC,NA,NA,5,Python
0.897421007,0.000668745,1.264031542,0.000775572,NA,MC,NA,NA,5,Python
0.641080096,0.000604364,0.9445069,0.000857109,NA,MC,NA,NA,5,Python
0.641080096,0.000604364,0.9445069,0.000857109,NA,MC,NA,NA,5,Python
0.641080096,0.000604364,0.9445069,0.000857109,NA,MC,NA,NA,5,Python
0.594246642,0.000424305,0.829494178,0.000574771,NA,PMC,NA,NA,5,Python
0.594246642,0.000424305,0.829494178,0.000574771,NA,PMC,NA,NA,5,Python
0.594246642,0.000424305,0.829494178,0.000574771,NA,MC,NA,NA,5,Python
0.39159739,0.000411018,0.710165117,0.00052914,NA,PMC,NA,NA,5,Python
0.39159739,0.000411018,0.710165117,0.00052914,NA,PMC,NA,NA,5,Python
0.760660164,0.000520198,0.702048992,0.000702996,NA,MC,NA,NA,5,Python
0.760660164,0.000520198,0.702048992,0.000702996,NA,MC,NA,NA,5,Python
0.473521113,0.000416409,0.784735892,0.000644866,NA,MC,NA,NA,5,Python
0.473521113,0.000416409,0.784735892,0.000644866,NA,MC,NA,NA,5,Python
0.473521113,0.000416409,0.784735892,0.000644866,NA,MC,NA,NA,5,Python
0.473521113,0.000416409,0.784735892,0.000644866,NA,MC,NA,NA,5,Python
0.473521113,0.000416409,0.784735892,0.000644866,NA,MC,NA,NA,5,Python
1.23528235,0.000751053,1.522046418,0.001051585,NA,PMC,NA,NA,5,Python
1.23528235,0.000751053,1.522046418,0.001051585,NA,PMC,NA,NA,5,Python
1.23528235,0.000751053,1.522046418,0.001051585,NA,MC,NA,NA,5,Python
0.534935519,0.000425424,0.574382552,0.000535546,NA,MC,NA,NA,5,Python
0.534935519,0.000425424,0.574382552,0.000535546,NA,MC,NA,NA,5,Python
0.688084364,0.000489539,NA,NA,0.020876622,NA,AB,NA,5,Python
0.688084364,0.000489539,NA,NA,0.020876622,NA,AB,NA,5,Python
0.584329025,0.000456687,NA,NA,0.027943635,NA,AB,NA,5,Python
0.584329025,0.000456687,NA,NA,0.027943635,NA,AB,NA,5,Python
0.950136061,0.000572168,NA,NA,0.026502403,NA,AB,NA,5,Python
0.950136061,0.000572168,NA,NA,0.026502403,NA,AB,NA,5,Python
0.749249768,0.000543611,NA,NA,0.023843924,NA,AB,NA,5,Python
0.749249768,0.000543611,NA,NA,0.023843924,NA,AB,NA,5,Python
0.606518244,0.000439184,NA,NA,0.018680226,NA,AB,NA,5,Python
0.606518244,0.000439184,NA,NA,0.018680226,NA,AB,NA,5,Python
0.606518244,0.000439184,NA,NA,0.018680226,NA,AB,NA,5,Python
0.701120279,0.000488776,NA,NA,0.01795675,NA,AB,NA,5,Python
0.701120279,0.000488776,NA,NA,0.01795675,NA,AB,NA,5,Python
0.796728206,0.000636643,NA,NA,0.031084029,NA,AB,NA,5,Python
0.796728206,0.000636643,NA,NA,0.031084029,NA,AB,NA,5,Python
0.635143658,0.000518076,NA,NA,0.036234856,NA,AB,NA,5,Python
0.635143658,0.000518076,NA,NA,0.036234856,NA,AB,NA,5,Python
0.481591431,0.00041526,NA,NA,0.01730601,NA,AB,NA,5,Python
0.481591431,0.00041526,NA,NA,0.01730601,NA,AB,NA,5,Python
0.567285938,0.000444952,NA,NA,0.019837236,NA,AB,NA,5,Python
0.567285938,0.000444952,NA,NA,0.019837236,NA,AB,NA,5,Python
0.713569943,0.000570586,NA,NA,0.022019362,NA,AB,NA,5,Python
0.713569943,0.000570586,NA,NA,0.022019362,NA,AB,NA,5,Python
0.536123276,0.000393301,NA,NA,0.030493331,NA,AB,NA,5,Python
0.536123276,0.000393301,NA,NA,0.030493331,NA,AB,NA,5,Python
0.709420069,0.000544511,NA,NA,0.022655074,NA,AB,NA,5,Python
0.709420069,0.000544511,NA,NA,0.022655074,NA,AB,NA,5,Python
0.740531429,0.000528099,NA,NA,0.025232943,NA,AB,NA,5,Python
0.740531429,0.000528099,NA,NA,0.025232943,NA,AB,NA,5,Python
0.61667342,0.000529414,NA,NA,0.022722046,NA,AB,NA,5,Python
0.61667342,0.000529414,NA,NA,0.022722046,NA,AB,NA,5,Python
0.687753407,0.000545438,NA,NA,0.03458581,NA,AB,NA,5,Python
0.687753407,0.000545438,NA,NA,0.03458581,NA,AB,NA,5,Python
0.858814081,0.00057878,NA,NA,0.013558793,NA,AB,NA,5,Python
0.858814081,0.00057878,NA,NA,0.013558793,NA,AB,NA,5,Python
0.797498012,0.000550491,NA,NA,0.028719147,NA,AB,NA,5,Python
0.797498012,0.000550491,NA,NA,0.028719147,NA,AB,NA,5,Python
0.598246098,0.000365305,NA,NA,0.020325947,NA,PMC,NA,5,Python
0.598246098,0.000365305,NA,NA,0.020325947,NA,PMC,NA,5,Python
0.511522404,0.000364655,NA,NA,0.027833096,NA,AB,NA,5,Python
0.511522404,0.000364655,NA,NA,0.027833096,NA,AB,NA,5,Python
NA,NA,0.42755545,0.000498437,0.014600915,NA,NA,AB,5,Python
NA,NA,0.42755545,0.000498437,0.014600915,NA,NA,AB,5,Python
NA,NA,0.42755545,0.000498437,0.014600915,NA,NA,AB,5,Python
NA,NA,0.428637334,0.000500186,0.015552859,NA,NA,AB,5,Python
NA,NA,0.428637334,0.000500186,0.015552859,NA,NA,AB,5,Python
NA,NA,0.428637334,0.000500186,0.015552859,NA,NA,AB,5,Python
NA,NA,0.428699442,0.000499367,0.01510717,NA,NA,AB,5,Python
NA,NA,0.428699442,0.000499367,0.01510717,NA,NA,AB,5,Python
NA,NA,0.428699442,0.000499367,0.01510717,NA,NA,AB,5,Python
NA,NA,0.432349001,0.000502202,0.015488132,NA,NA,AB,5,Python
NA,NA,0.432349001,0.000502202,0.015488132,NA,NA,AB,5,Python
NA,NA,0.432349001,0.000502202,0.015488132,NA,NA,AB,5,Python
NA,NA,0.429016105,0.000498798,0.015006396,NA,NA,AB,5,Python
NA,NA,0.429016105,0.000498798,0.015006396,NA,NA,AB,5,Python
NA,NA,0.429016105,0.000498798,0.015006396,NA,NA,AB,5,Python
NA,NA,0.43270708,0.00049994,0.014832973,NA,NA,AB,5,Python
NA,NA,0.43270708,0.00049994,0.014832973,NA,NA,AB,5,Python
NA,NA,0.43270708,0.00049994,0.014832973,NA,NA,AB,5,Python
NA,NA,0.430763313,0.000498498,0.014896639,NA,NA,AB,5,Python
NA,NA,0.430763313,0.000498498,0.014896639,NA,NA,AB,5,Python
NA,NA,0.430763313,0.000498498,0.014896639,NA,NA,AB,5,Python
NA,NA,0.42752191,0.000494447,0.014758987,NA,NA,AB,5,Python
NA,NA,0.42752191,0.000494447,0.014758987,NA,NA,AB,5,Python
NA,NA,0.42752191,0.000494447,0.014758987,NA,NA,AB,5,Python
NA,NA,0.420796479,0.000493168,0.015472843,NA,NA,AB,5,Python
NA,NA,0.420796479,0.000493168,0.015472843,NA,NA,AB,5,Python
NA,NA,0.420796479,0.000493168,0.015472843,NA,NA,AB,5,Python
NA,NA,0.427570862,0.000505577,0.014962912,NA,NA,AB,5,Python
NA,NA,0.427570862,0.000505577,0.014962912,NA,NA,AB,5,Python
NA,NA,0.427570862,0.000505577,0.014962912,NA,NA,AB,5,Python
NA,NA,0.42823582,0.000499996,0.014349176,NA,NA,AB,5,Python
NA,NA,0.42823582,0.000499996,0.014349176,NA,NA,AB,5,Python
NA,NA,0.42823582,0.000499996,0.014349176,NA,NA,AB,5,Python
NA,NA,0.42137484,0.000492111,0.014981616,NA,NA,AB,5,Python
NA,NA,0.42137484,0.000492111,0.014981616,NA,NA,AB,5,Python
NA,NA,0.42137484,0.000492111,0.014981616,NA,NA,AB,5,Python
NA,NA,0.428391593,0.000500047,0.014747935,NA,NA,AB,5,Python
NA,NA,0.428391593,0.000500047,0.014747935,NA,NA,AB,5,Python
NA,NA,0.428391593,0.000500047,0.014747935,NA,NA,AB,5,Python
NA,NA,0.425738471,0.000497116,0.015022655,NA,NA,AB,5,Python
NA,NA,0.425738471,0.000497116,0.015022655,NA,NA,AB,5,Python
NA,NA,0.425738471,0.000497116,0.015022655,NA,NA,AB,5,Python
NA,NA,0.430894622,0.000503395,0.01466315,NA,NA,AB,5,Python
NA,NA,0.430894622,0.000503395,0.01466315,NA,NA,AB,5,Python
NA,NA,0.430894622,0.000503395,0.01466315,NA,NA,AB,5,Python
NA,NA,0.427162417,0.000503992,0.014954136,NA,NA,AB,5,Python
NA,NA,0.427162417,0.000503992,0.014954136,NA,NA,AB,5,Python
NA,NA,0.427162417,0.000503992,0.014954136,NA,NA,AB,5,Python
NA,NA,0.423072244,0.000498127,0.01457635,NA,NA,AB,5,Python
NA,NA,0.423072244,0.000498127,0.01457635,NA,NA,AB,5,Python
NA,NA,0.423072244,0.000498127,0.01457635,NA,NA,AB,5,Python
NA,NA,0.430660776,0.000504777,0.015419168,NA,NA,AB,5,Python
NA,NA,0.430660776,0.000504777,0.015419168,NA,NA,AB,5,Python
NA,NA,0.430660776,0.000504777,0.015419168,NA,NA,AB,5,Python
NA,NA,0.427295387,0.0004995,0.014741013,NA,NA,AB,5,Python
NA,NA,0.427295387,0.0004995,0.014741013,NA,NA,AB,5,Python
NA,NA,0.427295387,0.0004995,0.014741013,NA,NA,AB,5,Python
NA,NA,0.426989036,0.000499434,0.014639585,NA,NA,AB,5,Python
NA,NA,0.426989036,0.000499434,0.014639585,NA,NA,AB,5,Python
NA,NA,0.426989036,0.000499434,0.014639585,NA,NA,AB,5,Python
0.208491835,6.30E-05,0.224036932,6.48E-05,NA,PMC,NA,NA,10,Julia
0.209853419,6.26E-05,0.220118971,6.28E-05,NA,PMC,NA,NA,10,Julia
0.246443658,7.58E-05,0.242673618,7.16E-05,NA,MC,NA,NA,10,Julia
0.248196866,7.54E-05,0.24813907,6.88E-05,NA,MC,NA,NA,10,Julia
0.250437949,8.25E-05,0.230547803,7.51E-05,NA,MC,NA,NA,10,Julia
0.253009549,8.26E-05,0.227167174,7.38E-05,NA,MC,NA,NA,10,Julia
0.254343831,8.28E-05,0.228258601,7.43E-05,NA,MC,NA,NA,10,Julia
0.30261514,0.000106175,0.359542634,0.000106673,NA,MC,NA,NA,10,Julia
0.295861218,0.00010378,0.326288815,9.18E-05,NA,MC,NA,NA,10,Julia
0.366748545,0.000106774,0.259957595,9.54E-05,NA,MC,NA,NA,10,Julia
0.365344873,0.000104112,0.232060627,8.60E-05,NA,MC,NA,NA,10,Julia
0.298948485,8.31E-05,0.211985111,8.27E-05,NA,MC,NA,NA,10,Julia
0.30280774,8.31E-05,0.207460844,8.16E-05,NA,MC,NA,NA,10,Julia
0.431082973,0.000137445,0.499916111,0.000129698,NA,MC,NA,NA,10,Julia
0.419384342,0.000132809,0.500870502,0.000120737,NA,MC,NA,NA,10,Julia
0.242951854,7.48E-05,0.207181232,7.36E-05,NA,PMC,NA,NA,10,Julia
0.243699891,7.47E-05,0.208201285,7.12E-05,NA,PMC,NA,NA,10,Julia
0.266686834,8.24E-05,0.205348892,8.10E-05,NA,MC,NA,NA,10,Julia
0.269173597,8.23E-05,0.199702704,7.94E-05,NA,MC,NA,NA,10,Julia
0.149500067,6.75E-05,0.151320806,6.60E-05,NA,PMC,NA,NA,10,Julia
0.148440256,6.71E-05,0.14272727,6.34E-05,NA,MC,NA,NA,10,Julia
0.149287939,6.67E-05,0.142377496,6.33E-05,NA,MC,NA,NA,10,Julia
0.21712179,6.86E-05,0.25528729,7.13E-05,NA,MC,NA,NA,10,Julia
0.216495522,6.81E-05,0.257849234,6.92E-05,NA,PMC,NA,NA,10,Julia
0.249256192,6.91E-05,0.232605747,6.86E-05,NA,MC,NA,NA,10,Julia
0.251808499,6.88E-05,0.230107272,6.65E-05,NA,MC,NA,NA,10,Julia
0.213949868,6.71E-05,0.174965484,6.50E-05,NA,PMC,NA,NA,10,Julia
0.213504465,6.66E-05,0.174989789,6.24E-05,NA,PMC,NA,NA,10,Julia
0.205027983,6.70E-05,0.201484689,6.81E-05,NA,MC,NA,NA,10,Julia
0.206043269,6.66E-05,0.198185241,6.64E-05,NA,MC,NA,NA,10,Julia
0.21149345,7.14E-05,0.212203886,6.93E-05,NA,MC,NA,NA,10,Julia
0.21274526,7.12E-05,0.207771354,6.67E-05,NA,MC,NA,NA,10,Julia
0.179476678,6.45E-05,0.167198837,5.91E-05,NA,PMC,NA,NA,10,Julia
0.179383861,6.40E-05,0.160971792,5.69E-05,NA,MC,NA,NA,10,Julia
0.192020063,6.57E-05,0.206835703,6.85E-05,NA,PMC,NA,NA,10,Julia
0.191979025,6.50E-05,0.203265474,6.65E-05,NA,PMC,NA,NA,10,Julia
0.223021787,6.74E-05,0.168599018,6.41E-05,NA,MC,NA,NA,10,Julia
0.224589825,6.70E-05,0.164183378,6.22E-05,NA,MC,NA,NA,10,Julia
0.229867113,7.40E-05,0.188423523,7.02E-05,NA,MC,NA,NA,10,Julia
0.229652711,7.37E-05,0.181398392,6.83E-05,NA,MC,NA,NA,10,Julia
0.360809105,0.000113592,0.346355651,0.000100412,NA,MC,NA,NA,10,Julia
0.367109157,0.000114729,0.348500905,9.89E-05,NA,MC,NA,NA,10,Julia
0.204545975,6.56E-05,NA,NA,0.086146527,NA,PMC,NA,10,Julia
0.200235103,6.39E-05,NA,NA,0.088595825,NA,AB,NA,10,Julia
0.19337086,6.49E-05,NA,NA,0.022775071,NA,AB,NA,10,Julia
0.193267047,6.42E-05,NA,NA,0.02230525,NA,AB,NA,10,Julia
0.212067185,6.99E-05,NA,NA,0.104532842,NA,AB,NA,10,Julia
0.210953457,6.94E-05,NA,NA,0.107909467,NA,AB,NA,10,Julia
0.19901759,6.48E-05,NA,NA,0.042565033,NA,AB,NA,10,Julia
0.197044321,6.40E-05,NA,NA,0.043942358,NA,AB,NA,10,Julia
0.23627609,6.96E-05,NA,NA,0.0228894,NA,AB,NA,10,Julia
0.23577042,6.89E-05,NA,NA,0.02359971,NA,AB,NA,10,Julia
0.195176959,7.16E-05,NA,NA,0.25296518,NA,AB,NA,10,Julia
0.195142799,7.11E-05,NA,NA,0.260539893,NA,AB,NA,10,Julia
0.195532652,7.06E-05,NA,NA,0.26887376,NA,AB,NA,10,Julia
0.1972297,7.59E-05,NA,NA,0.055662558,NA,AB,NA,10,Julia
0.191461228,7.52E-05,NA,NA,0.056281745,NA,PMC,NA,10,Julia
0.287679366,8.46E-05,NA,NA,0.208968469,NA,AB,NA,10,Julia
0.288922486,8.45E-05,NA,NA,0.216300461,NA,AB,NA,10,Julia
0.188161254,7.37E-05,NA,NA,0.144124738,NA,PMC,NA,10,Julia
0.188077273,7.33E-05,NA,NA,0.14788732,NA,AB,NA,10,Julia
0.186609708,7.30E-05,NA,NA,0.152347854,NA,AB,NA,10,Julia
0.314903177,7.73E-05,NA,NA,0.096250814,NA,AB,NA,10,Julia
0.31739315,7.70E-05,NA,NA,0.099545692,NA,AB,NA,10,Julia
0.161841818,7.50E-05,NA,NA,0.054838345,NA,AB,NA,10,Julia
0.159733189,7.43E-05,NA,NA,0.055287285,NA,AB,NA,10,Julia
0.223848309,7.72E-05,NA,NA,0.581248705,NA,AB,NA,10,Julia
0.222246488,7.67E-05,NA,NA,0.600781391,NA,AB,NA,10,Julia
0.220846442,7.60E-05,NA,NA,0.621630711,NA,PMC,NA,10,Julia
0.223861168,7.77E-05,NA,NA,0.924196671,NA,AB,NA,10,Julia
0.22199004,7.70E-05,NA,NA,0.957095802,NA,AB,NA,10,Julia
0.211848333,7.54E-05,NA,NA,0.193230563,NA,AB,NA,10,Julia
0.209409714,7.46E-05,NA,NA,0.199738443,NA,AB,NA,10,Julia
0.148016272,7.34E-05,NA,NA,0.090429635,NA,AB,NA,10,Julia
0.144366401,7.29E-05,NA,NA,0.093253051,NA,AB,NA,10,Julia
0.358465254,0.00010265,NA,NA,0.359123912,NA,AB,NA,10,Julia
0.360677684,0.000102575,NA,NA,0.371806656,NA,AB,NA,10,Julia
0.292320873,9.26E-05,NA,NA,0.48581638,NA,AB,NA,10,Julia
0.294189736,9.29E-05,NA,NA,0.503095286,NA,AB,NA,10,Julia
0.342066714,9.03E-05,NA,NA,0.052150088,NA,AB,NA,10,Julia
0.344754767,9.02E-05,NA,NA,0.053970054,NA,AB,NA,10,Julia
0.220067121,7.90E-05,NA,NA,0.088484492,NA,AB,NA,10,Julia
0.218085216,7.84E-05,NA,NA,0.091668359,NA,AB,NA,10,Julia
0.212269554,7.77E-05,NA,NA,0.094624418,NA,AB,NA,10,Julia
0.271517079,0.000100112,NA,NA,0.602442232,NA,AB,NA,10,Julia
0.271873747,0.000100413,NA,NA,0.623267404,NA,AB,NA,10,Julia
NA,NA,0.194505009,6.73E-05,0.062550364,NA,NA,AB,10,Julia
NA,NA,0.189650817,6.50E-05,0.064605772,NA,NA,AB,10,Julia
NA,NA,0.1886255,6.49E-05,0.060551364,NA,NA,AB,10,Julia
NA,NA,0.183907006,6.28E-05,0.062607246,NA,NA,AB,10,Julia
NA,NA,0.1881949,6.48E-05,0.06102714,NA,NA,AB,10,Julia
NA,NA,0.183862984,6.28E-05,0.063028021,NA,NA,AB,10,Julia
NA,NA,0.190841634,6.54E-05,0.061799806,NA,NA,AB,10,Julia
NA,NA,0.186157346,6.32E-05,0.063792271,NA,NA,AB,10,Julia
NA,NA,0.187535475,6.47E-05,0.060775206,NA,NA,AB,10,Julia
NA,NA,0.182918872,6.26E-05,0.062768689,NA,NA,AB,10,Julia
NA,NA,0.187515308,6.44E-05,0.060980501,NA,NA,AB,10,Julia
NA,NA,0.182993591,6.23E-05,0.063015699,NA,NA,AB,10,Julia
NA,NA,0.190764345,6.58E-05,0.062399848,NA,NA,AB,10,Julia
NA,NA,0.18610314,6.37E-05,0.064449949,NA,NA,AB,10,Julia
NA,NA,0.187405611,6.45E-05,0.060236084,NA,NA,AB,10,Julia
NA,NA,0.182763542,6.24E-05,0.062244935,NA,NA,AB,10,Julia
NA,NA,0.194394646,7.22E-05,0.061751251,NA,NA,AB,10,Julia
NA,NA,0.190033504,7.04E-05,0.063779031,NA,NA,AB,10,Julia
NA,NA,0.189334491,6.49E-05,0.062875789,NA,NA,AB,10,Julia
NA,NA,0.184706245,6.27E-05,0.064942973,NA,NA,AB,10,Julia
NA,NA,0.188280739,6.47E-05,0.060779415,NA,NA,AB,10,Julia
NA,NA,0.183903319,6.27E-05,0.062735847,NA,NA,AB,10,Julia
NA,NA,0.186270689,6.44E-05,0.063411746,NA,NA,AB,10,Julia
NA,NA,0.1816996,6.23E-05,0.065534021,NA,NA,AB,10,Julia
NA,NA,0.18918751,6.53E-05,0.061193927,NA,NA,AB,10,Julia
NA,NA,0.185031423,6.34E-05,0.063203803,NA,NA,AB,10,Julia
NA,NA,0.190361574,6.66E-05,0.061712125,NA,NA,AB,10,Julia
NA,NA,0.185863921,6.46E-05,0.063737622,NA,NA,AB,10,Julia
NA,NA,0.18922518,6.52E-05,0.065053356,NA,NA,AB,10,Julia
NA,NA,0.184632105,6.31E-05,0.067198055,NA,NA,AB,10,Julia
NA,NA,0.188231657,6.48E-05,0.061585418,NA,NA,AB,10,Julia
NA,NA,0.18372958,6.27E-05,0.063606467,NA,NA,AB,10,Julia
NA,NA,0.18863664,6.50E-05,0.061947362,NA,NA,AB,10,Julia
NA,NA,0.183752205,6.28E-05,0.063909956,NA,NA,AB,10,Julia
NA,NA,0.18751516,6.41E-05,0.06463845,NA,NA,AB,10,Julia
NA,NA,0.182951272,6.20E-05,0.066768672,NA,NA,AB,10,Julia
NA,NA,0.190597978,6.54E-05,0.060785014,NA,NA,AB,10,Julia
NA,NA,0.186067224,6.33E-05,0.062777528,NA,NA,AB,10,Julia
NA,NA,0.187449274,6.46E-05,0.060776423,NA,NA,AB,10,Julia
NA,NA,0.183042799,6.26E-05,0.062768425,NA,NA,AB,10,Julia
1.147611556,0.000344462,1.150415667,0.000474219,NA,MC,NA,NA,10,Python
1.147611556,0.000344462,1.150415667,0.000474219,NA,MC,NA,NA,10,Python
0.894483353,0.000339313,1.1899125,0.000431804,NA,MC,NA,NA,10,Python
0.894483353,0.000339313,1.1899125,0.000431804,NA,MC,NA,NA,10,Python
1.153692739,0.000424339,1.946534502,0.00057339,NA,MC,NA,NA,10,Python
1.153692739,0.000424339,1.946534502,0.00057339,NA,PMC,NA,NA,10,Python
1.433224601,0.000503686,1.499817048,0.000625444,NA,MC,NA,NA,10,Python
1.433224601,0.000503686,1.499817048,0.000625444,NA,MC,NA,NA,10,Python
1.111345027,0.000507531,2.251029664,0.000678333,NA,MC,NA,NA,10,Python
1.111345027,0.000507531,2.251029664,0.000678333,NA,MC,NA,NA,10,Python
1.534491869,0.000475638,1.814136916,0.000580022,NA,MC,NA,NA,10,Python
1.534491869,0.000475638,1.814136916,0.000580022,NA,PMC,NA,NA,10,Python
1.674726605,0.000682087,2.02158715,0.000870161,NA,MC,NA,NA,10,Python
1.674726605,0.000682087,2.02158715,0.000870161,NA,MC,NA,NA,10,Python
1.581837317,0.000425169,1.505054967,0.000573148,NA,MC,NA,NA,10,Python
1.581837317,0.000425169,1.505054967,0.000573148,NA,MC,NA,NA,10,Python
1.298189734,0.000405212,1.20715138,0.000520549,NA,MC,NA,NA,10,Python
1.298189734,0.000405212,1.20715138,0.000520549,NA,MC,NA,NA,10,Python
1.701995774,0.000601742,2.342345413,0.000784669,NA,PMC,NA,NA,10,Python
1.701995774,0.000601742,2.342345413,0.000784669,NA,PMC,NA,NA,10,Python
0.741841646,0.000335473,0.961896502,0.000432936,NA,MC,NA,NA,10,Python
0.741841646,0.000335473,0.961896502,0.000432936,NA,MC,NA,NA,10,Python
0.741841646,0.000335473,0.961896502,0.000432936,NA,MC,NA,NA,10,Python
1.198123797,0.000351164,1.402603456,0.000498936,NA,MC,NA,NA,10,Python
1.198123797,0.000351164,1.402603456,0.000498936,NA,PMC,NA,NA,10,Python
1.198123797,0.000351164,1.402603456,0.000498936,NA,PMC,NA,NA,10,Python
1.762767128,0.000438958,1.704569348,0.000614557,NA,MC,NA,NA,10,Python
1.762767128,0.000438958,1.704569348,0.000614557,NA,MC,NA,NA,10,Python
0.650326737,0.00035344,0.970535903,0.000466374,NA,MC,NA,NA,10,Python
0.650326737,0.00035344,0.970535903,0.000466374,NA,MC,NA,NA,10,Python
0.679926009,0.000323788,1.057479433,0.000448368,NA,MC,NA,NA,10,Python
0.679926009,0.000323788,1.057479433,0.000448368,NA,MC,NA,NA,10,Python
0.679926009,0.000323788,1.057479433,0.000448368,NA,MC,NA,NA,10,Python
0.963759883,0.000345711,1.286645634,0.000484905,NA,MC,NA,NA,10,Python
0.963759883,0.000345711,1.286645634,0.000484905,NA,MC,NA,NA,10,Python
0.93303701,0.00035365,1.320610688,0.000484642,NA,MC,NA,NA,10,Python
0.93303701,0.00035365,1.320610688,0.000484642,NA,MC,NA,NA,10,Python
0.995963662,0.000362425,1.348738999,0.000464922,NA,MC,NA,NA,10,Python
0.995963662,0.000362425,1.348738999,0.000464922,NA,MC,NA,NA,10,Python
0.926496792,0.000343054,1.570116979,0.000507397,NA,MC,NA,NA,10,Python
0.926496792,0.000343054,1.570116979,0.000507397,NA,MC,NA,NA,10,Python
0.983811943,0.000404042,1.795674162,0.000574028,NA,PMC,NA,NA,10,Python
0.983811943,0.000404042,1.795674162,0.000574028,NA,PMC,NA,NA,10,Python
1.098146471,0.000394484,NA,NA,4.525117183,NA,AB,NA,10,Python
1.098146471,0.000394484,NA,NA,4.525117183,NA,AB,NA,10,Python
1.158623653,0.000398812,NA,NA,2.931725264,NA,AB,NA,10,Python
1.158623653,0.000398812,NA,NA,2.931725264,NA,AB,NA,10,Python
1.318097032,0.000388885,NA,NA,3.463071386,NA,AB,NA,10,Python
1.318097032,0.000388885,NA,NA,3.463071386,NA,AB,NA,10,Python
1.152230329,0.000367115,NA,NA,0.473804551,NA,AB,NA,10,Python
1.152230329,0.000367115,NA,NA,0.473804551,NA,AB,NA,10,Python
1.152230329,0.000367115,NA,NA,0.473804551,NA,AB,NA,10,Python
1.360771278,0.000392265,NA,NA,4.562833206,NA,AB,NA,10,Python
1.360771278,0.000392265,NA,NA,4.562833206,NA,AB,NA,10,Python
1.538353303,0.000390733,NA,NA,0.761260629,NA,AB,NA,10,Python
1.538353303,0.000390733,NA,NA,0.761260629,NA,AB,NA,10,Python
0.99860675,0.000450422,NA,NA,5.090300989,NA,AB,NA,10,Python
0.99860675,0.000450422,NA,NA,5.090300989,NA,AB,NA,10,Python
0.800425076,0.000390004,NA,NA,5.799561657,NA,AB,NA,10,Python
0.800425076,0.000390004,NA,NA,5.799561657,NA,AB,NA,10,Python
0.974995486,0.000417134,NA,NA,2.761037938,NA,AB,NA,10,Python
0.974995486,0.000417134,NA,NA,2.761037938,NA,AB,NA,10,Python
1.458781242,0.000435121,NA,NA,1.210073249,NA,AB,NA,10,Python
1.458781242,0.000435121,NA,NA,1.210073249,NA,AB,NA,10,Python
1.369427888,0.000399738,NA,NA,3.163093607,NA,AB,NA,10,Python
1.369427888,0.000399738,NA,NA,3.163093607,NA,AB,NA,10,Python
1.399724747,0.000424098,NA,NA,6.601508806,NA,AB,NA,10,Python
1.399724747,0.000424098,NA,NA,6.601508806,NA,AB,NA,10,Python
1.229306841,0.000419226,NA,NA,4.268511899,NA,AB,NA,10,Python
1.229306841,0.000419226,NA,NA,4.268511899,NA,AB,NA,10,Python
1.120908408,0.000427007,NA,NA,4.005853168,NA,PMC,NA,10,Python
1.120908408,0.000427007,NA,NA,4.005853168,NA,PMC,NA,10,Python
1.120908408,0.000427007,NA,NA,4.005853168,NA,PMC,NA,10,Python
1.263382007,0.000412853,NA,NA,3.059727963,NA,AB,NA,10,Python
1.263382007,0.000412853,NA,NA,3.059727963,NA,AB,NA,10,Python
1.890915243,0.000478978,NA,NA,6.439093277,NA,AB,NA,10,Python
1.890915243,0.000478978,NA,NA,6.439093277,NA,AB,NA,10,Python
2.130924296,0.000620738,NA,NA,4.04380219,NA,AB,NA,10,Python
2.130924296,0.000620738,NA,NA,4.04380219,NA,AB,NA,10,Python
2.145609744,0.00056902,NA,NA,1.181902377,NA,AB,NA,10,Python
2.145609744,0.00056902,NA,NA,1.181902377,NA,AB,NA,10,Python
2.008704305,0.000615361,NA,NA,2.004979564,NA,AB,NA,10,Python
2.008704305,0.000615361,NA,NA,2.004979564,NA,AB,NA,10,Python
2.008704305,0.000615361,NA,NA,2.004979564,NA,AB,NA,10,Python
1.746355155,0.00056704,NA,NA,1.82639397,NA,AB,NA,10,Python
1.746355155,0.00056704,NA,NA,1.82639397,NA,PMC,NA,10,Python
1.746355155,0.00056704,NA,NA,1.82639397,NA,PMC,NA,10,Python
NA,NA,1.552595492,0.000522977,2.605904229,NA,NA,AB,10,Python
NA,NA,1.552595492,0.000522977,2.605904229,NA,NA,AB,10,Python
NA,NA,1.557152337,0.000526596,2.59124531,NA,NA,AB,10,Python
NA,NA,1.557152337,0.000526596,2.59124531,NA,NA,AB,10,Python
NA,NA,1.562748144,0.000527446,2.59499042,NA,NA,AB,10,Python
NA,NA,1.562748144,0.000527446,2.59499042,NA,NA,AB,10,Python
NA,NA,1.566276353,0.000527366,2.602096526,NA,NA,AB,10,Python
NA,NA,1.566276353,0.000527366,2.602096526,NA,NA,AB,10,Python
NA,NA,1.572694721,0.000532067,2.603520934,NA,NA,AB,10,Python
NA,NA,1.572694721,0.000532067,2.603520934,NA,NA,AB,10,Python
NA,NA,1.55967899,0.00052752,2.620289063,NA,NA,AB,10,Python
NA,NA,1.55967899,0.00052752,2.620289063,NA,NA,AB,10,Python
NA,NA,1.55006509,0.000522784,2.579530867,NA,NA,AB,10,Python
NA,NA,1.55006509,0.000522784,2.579530867,NA,NA,AB,10,Python
NA,NA,1.561545701,0.000526294,2.597656314,NA,NA,AB,10,Python
NA,NA,1.561545701,0.000526294,2.597656314,NA,NA,AB,10,Python
NA,NA,1.566327654,0.000527541,2.634822671,NA,NA,AB,10,Python
NA,NA,1.566327654,0.000527541,2.634822671,NA,NA,AB,10,Python
NA,NA,1.55494574,0.00052143,2.595723089,NA,NA,AB,10,Python
NA,NA,1.55494574,0.00052143,2.595723089,NA,NA,AB,10,Python
NA,NA,1.557333946,0.000524676,2.607710298,NA,NA,AB,10,Python
NA,NA,1.557333946,0.000524676,2.607710298,NA,NA,AB,10,Python
NA,NA,1.551190837,0.000522587,2.598960527,NA,NA,MC,10,Python
NA,NA,1.551190837,0.000522587,2.598960527,NA,NA,AB,10,Python
NA,NA,1.559951067,0.000524017,2.595282539,NA,NA,AB,10,Python
NA,NA,1.559951067,0.000524017,2.595282539,NA,NA,AB,10,Python
NA,NA,1.557696967,0.000525114,2.584766134,NA,NA,AB,10,Python
NA,NA,1.557696967,0.000525114,2.584766134,NA,NA,AB,10,Python
NA,NA,1.574761917,0.000529198,2.61934615,NA,NA,AB,10,Python
NA,NA,1.574761917,0.000529198,2.61934615,NA,NA,MC,10,Python
NA,NA,1.565053693,0.000526514,2.608947452,NA,NA,AB,10,Python
NA,NA,1.565053693,0.000526514,2.608947452,NA,NA,AB,10,Python
NA,NA,1.571089967,0.000528095,2.623308611,NA,NA,AB,10,Python
NA,NA,1.571089967,0.000528095,2.623308611,NA,NA,AB,10,Python
NA,NA,1.565952868,0.000527864,2.615468168,NA,NA,MC,10,Python
NA,NA,1.565952868,0.000527864,2.615468168,NA,NA,AB,10,Python
NA,NA,1.558155043,0.000525776,2.582036964,NA,NA,AB,10,Python
NA,NA,1.558155043,0.000525776,2.582036964,NA,NA,AB,10,Python
NA,NA,1.557087216,0.000522986,2.571198408,NA,NA,AB,10,Python
NA,NA,1.557087216,0.000522986,2.571198408,NA,NA,AB,10,Python
1.882186958,8.97E-05,1.227010916,8.29E-05,NA,PMC,NA,NA,50,Julia
1.91059064,8.94E-05,1.213192676,8.13E-05,NA,PMC,NA,NA,50,Julia
1.942611575,8.91E-05,1.208932267,8.12E-05,NA,PMC,NA,NA,50,Julia
1.11547882,7.82E-05,1.38294937,8.03E-05,NA,PMC,NA,NA,50,Julia
1.122579677,7.82E-05,1.371177362,7.90E-05,NA,PMC,NA,NA,50,Julia
1.108705175,7.56E-05,0.757901033,7.54E-05,NA,PMC,NA,NA,50,Julia
1.112562707,7.52E-05,0.709576662,7.31E-05,NA,PMC,NA,NA,50,Julia
2.200829333,0.000124782,1.355040167,0.000107199,NA,MC,NA,NA,50,Julia
2.218452505,0.000124967,1.279008759,0.000102886,NA,MC,NA,NA,50,Julia
1.177138016,7.94E-05,1.207294093,8.40E-05,NA,PMC,NA,NA,50,Julia
1.171417977,7.89E-05,1.217831648,8.23E-05,NA,PMC,NA,NA,50,Julia
1.470713484,0.000110661,1.727671887,0.000104477,NA,PMC,NA,NA,50,Julia
1.464115228,0.000110465,1.639844197,9.85E-05,NA,PMC,NA,NA,50,Julia
1.176024088,8.48E-05,1.456070168,8.31E-05,NA,PMC,NA,NA,50,Julia
1.184762248,8.49E-05,1.440322867,8.13E-05,NA,PMC,NA,NA,50,Julia
1.140600204,8.14E-05,1.11627589,7.88E-05,NA,MC,NA,NA,50,Julia
1.138546543,8.14E-05,1.081582511,7.68E-05,NA,MC,NA,NA,50,Julia
1.043728948,8.59E-05,1.192536669,8.06E-05,NA,PMC,NA,NA,50,Julia
1.044737321,8.58E-05,1.158070344,7.83E-05,NA,PMC,NA,NA,50,Julia
0.796417627,7.99E-05,0.761270225,7.60E-05,NA,PMC,NA,NA,50,Julia
0.77898109,7.97E-05,0.752662438,7.38E-05,NA,PMC,NA,NA,50,Julia
0.757753217,7.91E-05,0.742831001,7.34E-05,NA,MC,NA,NA,50,Julia
1.199939455,8.63E-05,1.213207092,7.96E-05,NA,MC,NA,NA,50,Julia
1.209250591,8.64E-05,1.177839668,7.71E-05,NA,MC,NA,NA,50,Julia
1.313499732,7.87E-05,0.974904106,7.63E-05,NA,MC,NA,NA,50,Julia
1.326443972,7.85E-05,0.943495779,7.46E-05,NA,MC,NA,NA,50,Julia
1.333262416,7.83E-05,0.957273076,7.50E-05,NA,PMC,NA,NA,50,Julia
1.203207629,8.26E-05,1.320198817,7.60E-05,NA,PMC,NA,NA,50,Julia
1.211521096,8.24E-05,1.350575774,7.34E-05,NA,PMC,NA,NA,50,Julia
0.985439013,8.30E-05,1.254190522,8.20E-05,NA,PMC,NA,NA,50,Julia
0.985313313,8.29E-05,1.239498395,7.99E-05,NA,MC,NA,NA,50,Julia
1.0960561,7.94E-05,1.327111686,8.27E-05,NA,MC,NA,NA,50,Julia
1.101150964,7.92E-05,1.293805599,8.02E-05,NA,MC,NA,NA,50,Julia
1.076341944,7.76E-05,1.029989455,7.53E-05,NA,MC,NA,NA,50,Julia
1.08197984,7.75E-05,1.004075457,7.35E-05,NA,MC,NA,NA,50,Julia
1.992287902,0.000114531,1.919298632,0.000110271,NA,MC,NA,NA,50,Julia
2.018019056,0.000114388,1.897455092,0.000107742,NA,MC,NA,NA,50,Julia
1.11470035,8.15E-05,1.003756847,7.40E-05,NA,MC,NA,NA,50,Julia
1.110517536,8.13E-05,0.969443454,7.21E-05,NA,MC,NA,NA,50,Julia
1.835428674,0.000131246,1.990749904,0.000129149,NA,MC,NA,NA,50,Julia
1.854834872,0.000132704,1.992896601,0.000128209,NA,MC,NA,NA,50,Julia
1.865021569,0.000120584,2.419358826,0.000128129,NA,MC,NA,NA,50,Julia
1.88822371,0.00012104,2.41666309,0.000126246,NA,MC,NA,NA,50,Julia
0.915279397,6.61E-05,1.072103305,6.37E-05,NA,MC,NA,NA,50,Julia
0.916458411,6.57E-05,1.058376303,6.19E-05,NA,MC,NA,NA,50,Julia
0.809910289,6.32E-05,0.686469334,5.86E-05,NA,MC,NA,NA,50,Julia
0.799703871,6.27E-05,0.681837576,5.62E-05,NA,MC,NA,NA,50,Julia
0.789467149,6.21E-05,0.668159751,5.59E-05,NA,MC,NA,NA,50,Julia
0.665578127,6.06E-05,0.805271555,6.06E-05,NA,MC,NA,NA,50,Julia
0.649453675,6.00E-05,0.771145078,5.77E-05,NA,MC,NA,NA,50,Julia
1.021810753,6.58E-05,0.86857307,5.94E-05,NA,MC,NA,NA,50,Julia
1.02723791,6.53E-05,0.830537796,5.68E-05,NA,MC,NA,NA,50,Julia
0.869461767,6.18E-05,0.676963073,5.97E-05,NA,MC,NA,NA,50,Julia
0.867385634,6.11E-05,0.636216044,5.75E-05,NA,MC,NA,NA,50,Julia
0.960711539,6.63E-05,1.195332156,6.85E-05,NA,MC,NA,NA,50,Julia
0.964227703,6.59E-05,1.18214986,6.62E-05,NA,MC,NA,NA,50,Julia
0.960228269,6.55E-05,1.194705524,6.63E-05,NA,MC,NA,NA,50,Julia
0.85169645,6.35E-05,0.72870842,6.08E-05,NA,MC,NA,NA,50,Julia
0.842303523,6.30E-05,0.721258605,5.78E-05,NA,MC,NA,NA,50,Julia
0.833569341,6.24E-05,0.709046822,5.76E-05,NA,MC,NA,NA,50,Julia
0.728160932,6.07E-05,0.766059995,5.74E-05,NA,MC,NA,NA,50,Julia
0.722258372,6.00E-05,0.746013659,5.47E-05,NA,MC,NA,NA,50,Julia
1.042428017,6.56E-05,1.043070228,6.42E-05,NA,MC,NA,NA,50,Julia
1.048475938,6.52E-05,1.022640568,6.26E-05,NA,MC,NA,NA,50,Julia
1.193174206,6.49E-05,1.181289726,7.08E-05,NA,MC,NA,NA,50,Julia
1.204831728,6.45E-05,1.174430985,6.93E-05,NA,MC,NA,NA,50,Julia
0.889826124,6.66E-05,0.883406162,6.04E-05,NA,MC,NA,NA,50,Julia
0.880682545,6.61E-05,0.883333612,5.82E-05,NA,MC,NA,NA,50,Julia
0.87212193,6.55E-05,0.890926902,5.80E-05,NA,MC,NA,NA,50,Julia
1.273568681,6.60E-05,1.03569666,7.04E-05,NA,MC,NA,NA,50,Julia
1.288422302,6.56E-05,1.055346789,6.80E-05,NA,MC,NA,NA,50,Julia
1.203834213,6.76E-05,1.213525295,6.88E-05,NA,MC,NA,NA,50,Julia
1.207272257,6.73E-05,1.207853528,6.67E-05,NA,MC,NA,NA,50,Julia
1.053247057,6.44E-05,0.76004053,5.92E-05,NA,PMC,NA,NA,50,Julia
1.059999662,6.39E-05,0.728439313,5.73E-05,NA,PMC,NA,NA,50,Julia
1.024529006,6.35E-05,0.664382466,6.33E-05,NA,PMC,NA,NA,50,Julia
1.029511796,6.30E-05,0.670012677,6.05E-05,NA,PMC,NA,NA,50,Julia
0.811057338,6.42E-05,0.77167385,6.01E-05,NA,MC,NA,NA,50,Julia
0.808128384,6.37E-05,0.747189575,5.82E-05,NA,MC,NA,NA,50,Julia
0.805532761,6.31E-05,0.731984276,5.81E-05,NA,MC,NA,NA,50,Julia
1.012492599,6.56E-05,1.007414937,6.18E-05,NA,MC,NA,NA,50,Julia
1.008421642,6.52E-05,1.01285477,5.98E-05,NA,MC,NA,NA,50,Julia
0.926821777,6.72E-05,1.149548999,6.66E-05,NA,MC,NA,NA,50,Julia
0.929153098,6.69E-05,1.124467735,6.42E-05,NA,MC,NA,NA,50,Julia
0.787388432,6.19E-05,1.157149105,7.09E-05,NA,MC,NA,NA,50,Julia
0.78466395,6.14E-05,1.129624705,6.84E-05,NA,MC,NA,NA,50,Julia
0.907025937,6.29E-05,1.017740541,6.57E-05,NA,MC,NA,NA,50,Julia
0.908246687,6.24E-05,1.002571665,6.40E-05,NA,PMC,NA,NA,50,Julia
2.344139617,0.000144868,NA,NA,6.716785151,NA,AB,NA,50,Julia
2.376148139,0.00014552,NA,NA,6.956634743,NA,AB,NA,50,Julia
2.079231665,0.00012843,NA,NA,4.692108469,NA,PMC,NA,50,Julia
2.104266226,0.000128715,NA,NA,48.59670088,NA,PMC,NA,50,Julia
1.339847079,0.000102698,NA,NA,4.46903921,NA,PMC,NA,50,Julia
1.349396935,0.000102995,NA,NA,4.627497426,NA,PMC,NA,50,Julia
2.483310066,0.00015438,NA,NA,13.14104674,NA,PMC,NA,50,Julia
2.519296127,0.000156207,NA,NA,13.6103023,NA,PMC,NA,50,Julia
2.803310246,0.000143951,NA,NA,7.588860758,NA,AB,NA,50,Julia
2.840837589,0.000144709,NA,NA,7.859383115,NA,AB,NA,50,Julia
1.099292959,8.30E-05,NA,NA,4.888382146,NA,PMC,NA,50,Julia
1.105379714,8.30E-05,NA,NA,5.056844074,NA,PMC,NA,50,Julia
1.112535431,8.30E-05,NA,NA,5.236914481,NA,PMC,NA,50,Julia
1.609168604,0.000129282,NA,NA,14.91903899,NA,PMC,NA,50,Julia
1.619911918,0.000130635,NA,NA,15.4513693,NA,PMC,NA,50,Julia
3.487272641,0.000198629,NA,NA,0.380189452,NA,PMC,NA,50,Julia
3.460124263,0.000195088,NA,NA,0.38974435,NA,PMC,NA,50,Julia
2.473527366,0.000158894,NA,NA,15.54240436,NA,PMC,NA,50,Julia
2.514970779,0.000161287,NA,NA,16.09734744,NA,AB,NA,50,Julia
1.611575629,8.94E-05,NA,NA,26.64665895,NA,AB,NA,50,Julia
1.626922104,8.96E-05,NA,NA,2.756436223,NA,AB,NA,50,Julia
1.625171019,8.98E-05,NA,NA,28.54869588,NA,AB,NA,50,Julia
1.320885301,0.000102458,NA,NA,3.331203546,NA,AB,NA,50,Julia
1.326330734,0.000103272,NA,NA,34.69965798,NA,AB,NA,50,Julia
1.334760373,0.000104205,NA,NA,3.62049264,NA,AB,NA,50,Julia
1.905909709,0.00013991,NA,NA,4.759217477,NA,AB,NA,50,Julia
1.932435724,0.000141228,NA,NA,4.921877951,NA,AB,NA,50,Julia
1.909967514,0.000142273,NA,NA,5.067251887,NA,AB,NA,50,Julia
1.727571512,0.000115038,NA,NA,5.878321082,NA,AB,NA,50,Julia
1.873740698,0.000115522,NA,NA,3.167554272,NA,AB,NA,50,Julia
1.896523433,0.000116559,NA,NA,3.279998933,NA,AB,NA,50,Julia
1.731412709,0.000114086,NA,NA,6.088075767,NA,AB,NA,50,Julia
2.643979352,0.000151651,NA,NA,0.104010574,NA,AB,NA,50,Julia
2.63816051,0.000150068,NA,NA,0.104892901,NA,AB,NA,50,Julia
3.985472849,0.000279411,NA,NA,1.23184704,NA,AB,NA,50,Julia
4.03771381,0.000283085,NA,NA,1.274324524,NA,PMC,NA,50,Julia
4.096661063,0.000287003,NA,NA,1.313710971,NA,PMC,NA,50,Julia
1.889531086,0.000175302,NA,NA,0.536782783,NA,PMC,NA,50,Julia
1.870059584,0.000175477,NA,NA,0.555229323,NA,PMC,NA,50,Julia
3.120284977,0.000234029,NA,NA,1.287175203,NA,PMC,NA,50,Julia
3.11303579,0.000234048,NA,NA,1.328021594,NA,PMC,NA,50,Julia
0.847086339,7.53E-05,NA,NA,0.11976335,NA,PMC,NA,50,Julia
0.831781762,7.48E-05,NA,NA,0.123669352,NA,PMC,NA,50,Julia
1.029286121,7.87E-05,NA,NA,2.999610695,NA,AB,NA,50,Julia
1.016484567,7.80E-05,NA,NA,3.104008555,NA,AB,NA,50,Julia
1.348868395,7.92E-05,NA,NA,2.031175276,NA,AB,NA,50,Julia
1.350257558,7.87E-05,NA,NA,2.10108602,NA,AB,NA,50,Julia
1.066541647,7.69E-05,NA,NA,0.36598005,NA,AB,NA,50,Julia
1.055972883,7.62E-05,NA,NA,0.379050766,NA,AB,NA,50,Julia
1.24614376,8.11E-05,NA,NA,0.629817716,NA,AB,NA,50,Julia
1.244448628,8.07E-05,NA,NA,0.652311206,NA,AB,NA,50,Julia
1.02280639,7.67E-05,NA,NA,2.673139457,NA,AB,NA,50,Julia
1.007011669,7.57E-05,NA,NA,0.276860872,NA,AB,NA,50,Julia
0.722605058,7.75E-05,NA,NA,2.446731814,NA,AB,NA,50,Julia
0.710623264,7.70E-05,NA,NA,0.253288159,NA,AB,NA,50,Julia
0.856148276,7.59E-05,NA,NA,7.394679316,NA,PMC,NA,50,Julia
0.836941395,7.51E-05,NA,NA,7.658196568,NA,PMC,NA,50,Julia
0.795185504,7.41E-05,NA,NA,7.938060372,NA,PMC,NA,50,Julia
1.022491069,7.55E-05,NA,NA,0.313445182,NA,PMC,NA,50,Julia
1.009863726,7.48E-05,NA,NA,0.324639652,NA,PMC,NA,50,Julia
1.444073587,8.41E-05,NA,NA,0.05355636,NA,AB,NA,50,Julia
1.418335591,8.17E-05,NA,NA,0.054869447,NA,AB,NA,50,Julia
0.989329721,8.18E-05,NA,NA,0.171219661,NA,PMC,NA,50,Julia
0.976751849,8.14E-05,NA,NA,0.177034506,NA,PMC,NA,50,Julia
1.140486364,8.23E-05,NA,NA,0.381205879,NA,PMC,NA,50,Julia
1.131558308,8.18E-05,NA,NA,0.394708778,NA,PMC,NA,50,Julia
0.981374979,7.72E-05,NA,NA,0.489536812,NA,PMC,NA,50,Julia
0.959445834,7.60E-05,NA,NA,0.506964326,NA,PMC,NA,50,Julia
1.392535524,9.11E-05,NA,NA,7.416557302,NA,AB,NA,50,Julia
1.388649036,9.05E-05,NA,NA,7.725158572,NA,AB,NA,50,Julia
1.009899033,7.87E-05,NA,NA,0.313322561,NA,AB,NA,50,Julia
1.005475129,7.79E-05,NA,NA,0.323467175,NA,AB,NA,50,Julia
1.003029479,7.72E-05,NA,NA,0.332456534,NA,AB,NA,50,Julia
1.393325576,8.23E-05,NA,NA,0.879859965,NA,AB,NA,50,Julia
1.405405204,8.19E-05,NA,NA,0.91016881,NA,AB,NA,50,Julia
NA,NA,2.847241728,0.000190813,1.668290566,NA,NA,AB,50,Julia
NA,NA,2.681332918,0.000177646,1.727622373,NA,NA,AB,50,Julia
NA,NA,1.514308135,0.000115932,0.662429472,NA,NA,AB,50,Julia
NA,NA,1.501055296,0.000114752,0.68594454,NA,NA,AB,50,Julia
NA,NA,2.136002903,0.000149885,0.944275116,NA,NA,AB,50,Julia
NA,NA,2.123806788,0.000148295,0.097785644,NA,NA,AB,50,Julia
NA,NA,2.503778219,0.000179834,1.116091621,NA,NA,AB,50,Julia
NA,NA,2.418191048,0.000172564,1.155685629,NA,NA,AB,50,Julia
NA,NA,2.061629622,0.000142749,0.939296829,NA,NA,AB,50,Julia
NA,NA,1.856662163,0.000126151,28.07573617,NA,NA,MC,50,Julia
NA,NA,1.851043516,0.000125052,29.04374382,NA,NA,MC,50,Julia
NA,NA,1.811880103,0.000123064,30.08077757,NA,NA,MC,50,Julia
NA,NA,3.240860982,0.000242134,23.45057683,NA,NA,MC,50,Julia
NA,NA,2.588869069,0.000163767,4.300970782,NA,NA,MC,50,Julia
NA,NA,2.544885159,0.000158643,0.444924342,NA,NA,MC,50,Julia
NA,NA,2.36929578,0.000147857,46.08099798,NA,NA,MC,50,Julia
NA,NA,2.07109123,0.000142766,0.97271554,NA,NA,AB,50,Julia
NA,NA,2.900019372,0.00021031,1.254358481,NA,NA,AB,50,Julia
NA,NA,2.900064734,0.000209633,1.298926141,NA,NA,AB,50,Julia
NA,NA,3.078290092,0.000222367,1.714664451,NA,NA,AB,50,Julia
NA,NA,3.061846999,0.000220135,1.775671295,NA,NA,AB,50,Julia
NA,NA,2.060945661,0.000151081,0.83227789,NA,NA,AB,50,Julia
NA,NA,3.260125133,0.00024496,25.12406508,NA,NA,MC,50,Julia
NA,NA,4.048677444,0.0002887,44.57400002,NA,NA,MC,50,Julia
NA,NA,4.016455279,0.000284243,4.611024825,NA,NA,MC,50,Julia
NA,NA,2.009254703,0.000146608,0.861823448,NA,NA,AB,50,Julia
NA,NA,1.719405801,0.000121918,0.775380381,NA,NA,AB,50,Julia
NA,NA,1.673416046,0.000117774,0.802857569,NA,NA,AB,50,Julia
NA,NA,1.28196198,9.14E-05,0.56934147,NA,NA,AB,50,Julia
NA,NA,1.224253875,8.65E-05,0.589496604,NA,NA,AB,50,Julia
NA,NA,2.612247758,0.00018328,1.278289096,NA,NA,AB,50,Julia
NA,NA,2.581441595,0.000179863,1.323451493,NA,NA,AB,50,Julia
NA,NA,2.897166632,0.000205487,1.299935234,NA,NA,AB,50,Julia
NA,NA,2.833032269,0.000199829,1.346148218,NA,NA,AB,50,Julia
NA,NA,2.575276322,0.00018678,1.043583262,NA,NA,AB,50,Julia
NA,NA,2.570793528,0.000185873,1.080714115,NA,NA,AB,50,Julia
NA,NA,1.659977304,0.000122824,0.675171638,NA,NA,AB,50,Julia
NA,NA,1.623933728,0.000119671,0.699106336,NA,NA,AB,50,Julia
NA,NA,3.269741676,0.000243863,24.25911399,NA,NA,MC,50,Julia
NA,NA,3.875116431,0.000277026,4.775612797,NA,NA,MC,50,Julia
NA,NA,1.353633925,9.96E-05,0.534022726,NA,NA,AB,50,Julia
NA,NA,1.313315621,9.62E-05,0.552916399,NA,NA,AB,50,Julia
NA,NA,2.669467891,0.000185937,1.095828574,NA,NA,AB,50,Julia
NA,NA,2.620706274,0.000180871,1.134708881,NA,NA,AB,50,Julia
NA,NA,0.98326381,6.93E-05,0.422930948,NA,NA,AB,50,Julia
NA,NA,0.961053518,6.73E-05,0.437858318,NA,NA,AB,50,Julia
NA,NA,0.966285962,6.84E-05,0.420017563,NA,NA,AB,50,Julia
NA,NA,0.94381072,6.63E-05,0.434875497,NA,NA,AB,50,Julia
NA,NA,1.377245594,9.51E-05,0.569878258,NA,NA,AB,50,Julia
NA,NA,1.31759296,9.00E-05,0.590052664,NA,NA,AB,50,Julia
NA,NA,3.965656828,0.000275162,1.815442447,NA,NA,AB,50,Julia
NA,NA,3.732113251,0.000254738,1.879674367,NA,NA,AB,50,Julia
5.710901587,0.000489926,8.833976787,0.00060898,NA,MC,NA,NA,50,Python
5.710901587,0.000489926,8.833976787,0.00060898,NA,MC,NA,NA,50,Python
4.943142738,0.00053241,8.0758886,0.000700364,NA,MC,NA,NA,50,Python
4.943142738,0.00053241,8.0758886,0.000700364,NA,MC,NA,NA,50,Python
4.943142738,0.00053241,8.0758886,0.000700364,NA,MC,NA,NA,50,Python
5.615329889,0.000417815,5.314338668,0.000534707,NA,MC,NA,NA,50,Python
5.615329889,0.000417815,5.314338668,0.000534707,NA,MC,NA,NA,50,Python
4.062048189,0.00043457,6.813920319,0.000677831,NA,MC,NA,NA,50,Python
4.062048189,0.00043457,6.813920319,0.000677831,NA,MC,NA,NA,50,Python
4.062048189,0.00043457,6.813920319,0.000677831,NA,PMC,NA,NA,50,Python
4.062048189,0.00043457,6.813920319,0.000677831,NA,PMC,NA,NA,50,Python
6.276620235,0.000399973,5.146765799,0.000542346,NA,PMC,NA,NA,50,Python
6.276620235,0.000399973,5.146765799,0.000542346,NA,PMC,NA,NA,50,Python
7.719428523,0.000654456,11.94178102,0.000860758,NA,PMC,NA,NA,50,Python
7.719428523,0.000654456,11.94178102,0.000860758,NA,PMC,NA,NA,50,Python
9.128918759,0.000600594,12.45334081,0.000849756,NA,MC,NA,NA,50,Python
9.128918759,0.000600594,12.45334081,0.000849756,NA,MC,NA,NA,50,Python
8.051826207,0.000482065,9.074674253,0.000694371,NA,MC,NA,NA,50,Python
8.051826207,0.000482065,9.074674253,0.000694371,NA,MC,NA,NA,50,Python
6.189723934,0.00042581,6.036446095,0.000561882,NA,PMC,NA,NA,50,Python
6.189723934,0.00042581,6.036446095,0.000561882,NA,MC,NA,NA,50,Python
5.258104928,0.00043683,8.108320968,0.000639352,NA,MC,NA,NA,50,Python
5.258104928,0.00043683,8.108320968,0.000639352,NA,MC,NA,NA,50,Python
6.386264842,0.000419496,6.587249369,0.000563195,NA,MC,NA,NA,50,Python
6.386264842,0.000419496,6.587249369,0.000563195,NA,MC,NA,NA,50,Python
6.386264842,0.000419496,6.587249369,0.000563195,NA,MC,NA,NA,50,Python
6.013521218,0.000431616,9.785537432,0.000601077,NA,MC,NA,NA,50,Python
6.013521218,0.000431616,9.785537432,0.000601077,NA,MC,NA,NA,50,Python
7.144649174,0.000448038,9.229429829,0.000570733,NA,PMC,NA,NA,50,Python
7.144649174,0.000448038,9.229429829,0.000570733,NA,PMC,NA,NA,50,Python
7.144649174,0.000448038,9.229429829,0.000570733,NA,PMC,NA,NA,50,Python
6.082107577,0.000419948,7.284638372,0.000599959,NA,PMC,NA,NA,50,Python
6.082107577,0.000419948,7.284638372,0.000599959,NA,PMC,NA,NA,50,Python
6.10575095,0.000395053,4.966860338,0.00056612,NA,MC,NA,NA,50,Python
6.10575095,0.000395053,4.966860338,0.00056612,NA,MC,NA,NA,50,Python
5.97757237,0.000422252,7.604580123,0.00057946,NA,MC,NA,NA,50,Python
5.97757237,0.000422252,7.604580123,0.00057946,NA,MC,NA,NA,50,Python
5.97757237,0.000422252,7.604580123,0.00057946,NA,MC,NA,NA,50,Python
5.385880383,0.000410415,7.743294741,0.000559791,NA,MC,NA,NA,50,Python
5.385880383,0.000410415,7.743294741,0.000559791,NA,MC,NA,NA,50,Python
5.385880383,0.000410415,7.743294741,0.000559791,NA,MC,NA,NA,50,Python
5.385880383,0.000410415,7.743294741,0.000559791,NA,MC,NA,NA,50,Python
5.56142211,0.000411911,6.672247745,0.000552339,NA,MC,NA,NA,50,Python
5.56142211,0.000411911,6.672247745,0.000552339,NA,MC,NA,NA,50,Python
5.56142211,0.000411911,6.672247745,0.000552339,NA,MC,NA,NA,50,Python
6.388131717,0.00044313,7.51653919,0.000621574,NA,MC,NA,NA,50,Python
6.388131717,0.00044313,7.51653919,0.000621574,NA,MC,NA,NA,50,Python
6.388131717,0.00044313,7.51653919,0.000621574,NA,MC,NA,NA,50,Python
6.388131717,0.00044313,7.51653919,0.000621574,NA,PMC,NA,NA,50,Python
11.69599737,0.000751588,14.40842107,0.000977362,NA,PMC,NA,NA,50,Python
11.69599737,0.000751588,14.40842107,0.000977362,NA,PMC,NA,NA,50,Python
8.130662417,0.000584548,NA,NA,133.2243055,NA,PMC,NA,50,Python
8.130662417,0.000584548,NA,NA,133.2243055,NA,PMC,NA,50,Python
12.54161719,0.000794512,NA,NA,10.46764477,NA,AB,NA,50,Python
12.54161719,0.000794512,NA,NA,10.46764477,NA,AB,NA,50,Python
12.81985784,0.001184753,NA,NA,34.8260849,NA,AB,NA,50,Python
12.81985784,0.001184753,NA,NA,34.8260849,NA,AB,NA,50,Python
7.616685588,0.000556584,NA,NA,15.28062751,NA,AB,NA,50,Python
7.616685588,0.000556584,NA,NA,15.28062751,NA,AB,NA,50,Python
19.25892767,0.001301128,NA,NA,26.18299712,NA,PMC,NA,50,Python
19.25892767,0.001301128,NA,NA,26.18299712,NA,PMC,NA,50,Python
13.98551555,0.000809516,NA,NA,7.346699453,NA,AB,NA,50,Python
13.98551555,0.000809516,NA,NA,7.346699453,NA,AB,NA,50,Python
13.98551555,0.000809516,NA,NA,7.346699453,NA,AB,NA,50,Python
13.98551555,0.000809516,NA,NA,7.346699453,NA,AB,NA,50,Python
6.343020735,0.000483527,NA,NA,44.94627133,NA,AB,NA,50,Python
6.343020735,0.000483527,NA,NA,44.94627133,NA,AB,NA,50,Python
7.579216774,0.000464845,NA,NA,3.162813393,NA,AB,NA,50,Python
7.579216774,0.000464845,NA,NA,3.162813393,NA,AB,NA,50,Python
6.254381609,0.000445632,NA,NA,18.33695238,NA,AB,NA,50,Python
6.254381609,0.000445632,NA,NA,18.33695238,NA,AB,NA,50,Python
6.655258131,0.000485046,NA,NA,17.76886183,NA,AB,NA,50,Python
6.655258131,0.000485046,NA,NA,17.76886183,NA,AB,NA,50,Python
6.824834774,0.000465542,NA,NA,6.398351192,NA,AB,NA,50,Python
6.824834774,0.000465542,NA,NA,6.398351192,NA,AB,NA,50,Python
6.824834774,0.000465542,NA,NA,6.398351192,NA,AB,NA,50,Python
6.702807641,0.000455424,NA,NA,7.275144513,NA,AB,NA,50,Python
6.702807641,0.000455424,NA,NA,7.275144513,NA,AB,NA,50,Python
6.12461095,0.000462915,NA,NA,7.584885907,NA,AB,NA,50,Python
6.12461095,0.000462915,NA,NA,7.584885907,NA,AB,NA,50,Python
6.12461095,0.000462915,NA,NA,7.584885907,NA,AB,NA,50,Python
6.857622523,0.000503391,NA,NA,22.11871308,NA,AB,NA,50,Python
6.857622523,0.000503391,NA,NA,22.11871308,NA,AB,NA,50,Python
7.423879798,0.000504852,NA,NA,288.5897719,NA,AB,NA,50,Python
7.423879798,0.000504852,NA,NA,28.58977189,NA,AB,NA,50,Python
5.289740825,0.000426197,NA,NA,8.883376185,NA,AB,NA,50,Python
5.289740825,0.000426197,NA,NA,8.883376185,NA,AB,NA,50,Python
8.390961234,0.000499062,NA,NA,11.03844104,NA,AB,NA,50,Python
8.390961234,0.000499062,NA,NA,11.03844104,NA,AB,NA,50,Python
7.972617372,0.000490721,NA,NA,24.49847408,NA,AB,NA,50,Python
7.972617372,0.000490721,NA,NA,24.49847408,NA,AB,NA,50,Python
6.994969516,0.000480935,NA,NA,22.15369205,NA,AB,NA,50,Python
6.994969516,0.000480935,NA,NA,22.15369205,NA,AB,NA,50,Python
7.579608854,0.000481061,NA,NA,3.889624866,NA,AB,NA,50,Python
7.579608854,0.000481061,NA,NA,3.889624866,NA,AB,NA,50,Python
7.563444248,0.000509147,NA,NA,20.69836829,NA,AB,NA,50,Python
7.563444248,0.000509147,NA,NA,20.69836829,NA,AB,NA,50,Python
NA,NA,14.26315641,0.001221648,5.555681141,NA,NA,AB,50,Python
NA,NA,14.26315641,0.001221648,5.555681141,NA,NA,AB,50,Python
NA,NA,9.535723337,0.000792871,4.223387933,NA,NA,AB,50,Python
NA,NA,9.535723337,0.000792871,4.223387933,NA,NA,AB,50,Python
NA,NA,9.145747137,0.000801816,3.859772746,NA,NA,AB,50,Python
NA,NA,9.145747137,0.000801816,3.859772746,NA,NA,AB,50,Python
NA,NA,8.293831603,0.000726837,3.43821942,NA,NA,AB,50,Python
NA,NA,8.293831603,0.000726837,3.43821942,NA,NA,AB,50,Python
NA,NA,18.29959758,0.001510721,7.384820437,NA,NA,AB,50,Python
NA,NA,18.29959758,0.001510721,7.384820437,NA,NA,AB,50,Python
NA,NA,15.63827191,0.00130039,6.873123288,NA,NA,AB,50,Python
NA,NA,15.63827191,0.00130039,6.873123288,NA,NA,AB,50,Python
NA,NA,17.58167766,0.001475434,7.152000181,NA,NA,AB,50,Python
NA,NA,17.58167766,0.001475434,7.152000181,NA,NA,AB,50,Python
NA,NA,17.75488894,0.001515016,7.523274914,NA,NA,AB,50,Python
NA,NA,17.75488894,0.001515016,7.523274914,NA,NA,AB,50,Python
NA,NA,13.96133039,0.001132379,5.121323005,NA,NA,AB,50,Python
NA,NA,13.96133039,0.001132379,5.121323005,NA,NA,MC,50,Python
NA,NA,14.06345082,0.001132269,5.483856694,NA,NA,MC,50,Python
NA,NA,14.06345082,0.001132269,5.483856694,NA,NA,MC,50,Python
NA,NA,9.169640096,0.000829429,3.605505006,NA,NA,MC,50,Python
NA,NA,9.169640096,0.000829429,3.605505006,NA,NA,MC,50,Python
NA,NA,16.32202016,0.00137639,6.597796917,NA,NA,MC,50,Python
NA,NA,16.32202016,0.00137639,6.597796917,NA,NA,AB,50,Python
NA,NA,11.63932784,0.001063388,4.702543942,NA,NA,AB,50,Python
NA,NA,11.63932784,0.001063388,4.702543942,NA,NA,AB,50,Python
NA,NA,15.43495656,0.001313059,5.91721166,NA,NA,AB,50,Python
NA,NA,15.43495656,0.001313059,5.91721166,NA,NA,AB,50,Python
NA,NA,11.21833129,0.000948823,4.867158318,NA,NA,AB,50,Python
NA,NA,11.21833129,0.000948823,4.867158318,NA,NA,AB,50,Python
NA,NA,13.63313831,0.001111532,5.343238521,NA,NA,AB,50,Python
NA,NA,13.63313831,0.001111532,5.343238521,NA,NA,AB,50,Python
NA,NA,7.096563037,0.000612833,2.954615164,NA,NA,MC,50,Python
NA,NA,7.096563037,0.000612833,2.954615164,NA,NA,AB,50,Python
NA,NA,6.159394542,0.000523643,2.577669168,NA,NA,AB,50,Python
NA,NA,6.159394542,0.000523643,25.77669168,NA,NA,AB,50,Python
NA,NA,7.991458138,0.000715469,3.097375766,NA,NA,AB,50,Python
NA,NA,7.991458138,0.000715469,3.097375766,NA,NA,MC,50,Python
NA,NA,14.65083416,0.00123384,53.61652637,NA,NA,MC,50,Python
NA,NA,14.65083416,0.00123384,5.361652637,NA,NA,MC,50,Python
1.918878692,6.47E-05,2.179656531,6.77E-05,NA,PMC,NA,NA,100,Julia
1.924808935,6.43E-05,2.118816243,6.52E-05,NA,PMC,NA,NA,100,Julia
1.793403228,6.75E-05,2.078372606,6.16E-05,NA,PMC,NA,NA,100,Julia
1.794992227,6.71E-05,2.035900946,5.99E-05,NA,PMC,NA,NA,100,Julia
1.877279438,6.45E-05,2.045406195,6.72E-05,NA,MC,NA,NA,100,Julia
1.865788681,6.41E-05,2.012497339,6.47E-05,NA,MC,NA,NA,100,Julia
2.336302715,6.53E-05,1.549805933,6.09E-05,NA,PMC,NA,NA,100,Julia
2.358150465,6.49E-05,1.575538323,5.83E-05,NA,PMC,NA,NA,100,Julia
1.90024801,6.58E-05,2.031610604,7.14E-05,NA,MC,NA,NA,100,Julia
1.905525591,6.54E-05,1.962384031,6.92E-05,NA,MC,NA,NA,100,Julia
1.741096743,6.30E-05,1.542670207,6.60E-05,NA,MC,NA,NA,100,Julia
1.740387661,6.25E-05,1.457179043,6.36E-05,NA,MC,NA,NA,100,Julia
2.376609087,6.59E-05,1.792952326,6.73E-05,NA,PMC,NA,NA,100,Julia
2.3829934,6.56E-05,1.721063348,6.53E-05,NA,PMC,NA,NA,100,Julia
2.417120753,6.38E-05,1.53475757,6.48E-05,NA,PMC,NA,NA,100,Julia
2.437519235,6.32E-05,1.466842202,6.27E-05,NA,PMC,NA,NA,100,Julia
2.400649752,6.76E-05,2.192899447,6.80E-05,NA,PMC,NA,NA,100,Julia
2.423792786,6.72E-05,2.169825392,6.63E-05,NA,PMC,NA,NA,100,Julia
2.449991786,6.68E-05,2.205241551,6.65E-05,NA,PMC,NA,NA,100,Julia
1.568012034,6.51E-05,1.320813426,6.16E-05,NA,PMC,NA,NA,100,Julia
1.542693487,6.46E-05,1.30534278,5.95E-05,NA,PMC,NA,NA,100,Julia
1.719256525,6.20E-05,1.054062384,6.12E-05,NA,PMC,NA,NA,100,Julia
1.699937894,6.14E-05,1.030984576,5.86E-05,NA,PMC,NA,NA,100,Julia
2.286239096,6.53E-05,1.749352923,6.11E-05,NA,PMC,NA,NA,100,Julia
2.30532127,6.49E-05,1.776762044,5.83E-05,NA,PMC,NA,NA,100,Julia
2.147173725,6.77E-05,2.2313412,6.74E-05,NA,PMC,NA,NA,100,Julia
2.159348914,6.73E-05,2.20834091,6.57E-05,NA,PMC,NA,NA,100,Julia
1.436327655,6.59E-05,1.525096222,6.55E-05,NA,PMC,NA,NA,100,Julia
1.425301697,6.56E-05,1.443079151,6.30E-05,NA,PMC,NA,NA,100,Julia
1.596847679,5.80E-05,1.005987332,5.27E-05,NA,PMC,NA,NA,100,Julia
1.592050332,5.73E-05,0.926592376,5.07E-05,NA,PMC,NA,NA,100,Julia
1.570184543,5.65E-05,0.90498941,5.03E-05,NA,PMC,NA,NA,100,Julia
1.825588777,6.34E-05,1.581211609,5.79E-05,NA,PMC,NA,NA,100,Julia
1.828377025,6.30E-05,1.521449442,5.60E-05,NA,PMC,NA,NA,100,Julia
2.227933004,6.57E-05,1.702254396,6.63E-05,NA,MC,NA,NA,100,Julia
2.22945559,6.53E-05,1.634017086,6.35E-05,NA,MC,NA,NA,100,Julia
1.404802237,6.33E-05,1.938211032,5.97E-05,NA,PMC,NA,NA,100,Julia
1.367113652,6.25E-05,1.87121673,5.74E-05,NA,PMC,NA,NA,100,Julia
1.696851611,6.78E-05,1.836945585,6.34E-05,NA,PMC,NA,NA,100,Julia
1.694873642,6.75E-05,1.794862147,6.11E-05,NA,PMC,NA,NA,100,Julia
2.039360696,6.59E-05,1.77108086,6.27E-05,NA,MC,NA,NA,100,Julia
2.049804764,6.55E-05,1.696034414,6.03E-05,NA,MC,NA,NA,100,Julia
2.123590271,7.47E-05,NA,NA,1.620340745,NA,AB,NA,100,Julia
2.10882558,7.42E-05,NA,NA,1.686538199,NA,AB,NA,100,Julia
2.232899266,7.38E-05,NA,NA,1.078802882,NA,AB,NA,100,Julia
2.238735225,7.32E-05,NA,NA,1.106058615,NA,AB,NA,100,Julia
1.865122437,7.08E-05,NA,NA,2.828850031,NA,PMC,NA,100,Julia
1.841363333,7.01E-05,NA,NA,2.926396584,NA,PMC,NA,100,Julia
1.800031534,6.95E-05,NA,NA,3.030355811,NA,PMC,NA,100,Julia
1.987718475,6.82E-05,NA,NA,3.760545007,NA,AB,NA,100,Julia
1.986755209,6.75E-05,NA,NA,3.780817134,NA,AB,NA,100,Julia
1.863695877,7.17E-05,NA,NA,1.544959422,NA,AB,NA,100,Julia
1.859904219,7.12E-05,NA,NA,1.598438237,NA,AB,NA,100,Julia
1.9454348,7.45E-05,NA,NA,30.1244926,NA,AB,NA,100,Julia
1.921412945,7.39E-05,NA,NA,31.19977806,NA,AB,NA,100,Julia
2.193786502,7.22E-05,NA,NA,16.91767732,NA,PMC,NA,100,Julia
2.201388377,7.16E-05,NA,NA,1.748644993,NA,PMC,NA,100,Julia
2.192195902,7.10E-05,NA,NA,1.809658936,NA,PMC,NA,100,Julia
2.273996677,7.03E-05,NA,NA,8.410231985,NA,PMC,NA,100,Julia
2.263740716,6.96E-05,NA,NA,8.699085457,NA,AB,NA,100,Julia
2.29499501,7.17E-05,NA,NA,2.595431722,NA,AB,NA,100,Julia
2.281054108,7.09E-05,NA,NA,2.682285224,NA,AB,NA,100,Julia
1.907142511,6.81E-05,NA,NA,9.356828394,NA,AB,NA,100,Julia
1.8832176,6.73E-05,NA,NA,9.634459019,NA,AB,NA,100,Julia
1.91969817,7.18E-05,NA,NA,5.773058828,NA,AB,NA,100,Julia
1.897325825,7.12E-05,NA,NA,5.971571289,NA,AB,NA,100,Julia
1.877978701,7.06E-05,NA,NA,6.182552278,NA,AB,NA,100,Julia
2.023087629,7.12E-05,NA,NA,18.05012267,NA,AB,NA,100,Julia
2.00673921,7.07E-05,NA,NA,18.66661651,NA,AB,NA,100,Julia
2.590018025,7.36E-05,NA,NA,6.115608726,NA,AB,NA,100,Julia
2.594139435,7.31E-05,NA,NA,6.335670242,NA,AB,NA,100,Julia
1.853018139,7.00E-05,NA,NA,8.598358557,NA,AB,NA,100,Julia
1.848698369,6.94E-05,NA,NA,8.903715559,NA,AB,NA,100,Julia
2.352849837,8.01E-05,NA,NA,5.072476042,NA,PMC,NA,100,Julia
2.253865642,7.66E-05,NA,NA,5.24956056,NA,PMC,NA,100,Julia
3.051526759,8.80E-05,NA,NA,8.237586133,NA,AB,NA,100,Julia
3.001700684,8.56E-05,NA,NA,8.521429407,NA,AB,NA,100,Julia
2.928353722,8.32E-05,NA,NA,8.824286827,NA,AB,NA,100,Julia
2.853052502,8.05E-05,NA,NA,9.150890112,NA,AB,NA,100,Julia
2.122871229,8.91E-05,NA,NA,30.97383786,NA,AB,NA,100,Julia
2.104619132,8.82E-05,NA,NA,32.04024772,NA,AB,NA,100,Julia
1.997423695,8.73E-05,NA,NA,33.16574939,NA,AB,NA,100,Julia
1.971000023,8.68E-05,NA,NA,34.22213993,NA,AB,NA,100,Julia
2.519436317,8.19E-05,NA,NA,47.23591493,NA,AB,NA,100,Julia
2.529327763,8.20E-05,NA,NA,48.86364371,NA,AB,NA,100,Julia
2.506276791,8.20E-05,NA,NA,50.60163822,NA,AB,NA,100,Julia
3.339062214,0.000124039,NA,NA,29.04337521,NA,PMC,NA,100,Julia
3.288772645,0.000120988,NA,NA,3.006190334,NA,PMC,NA,100,Julia
3.803127187,0.000112548,NA,NA,2.947302259,NA,PMC,NA,100,Julia
3.795472869,0.000111504,NA,NA,3.051500951,NA,PMC,NA,100,Julia
3.759034679,0.000110277,NA,NA,31.6226063,NA,AB,NA,100,Julia
NA,NA,2.368926961,9.48E-05,7.717143864,NA,NA,AB,100,Julia
NA,NA,2.312338216,9.27E-05,7.992650083,NA,NA,AB,100,Julia
NA,NA,3.840425574,0.00016256,14.50905059,NA,NA,AB,100,Julia
NA,NA,3.67347828,0.000156135,15.02683439,NA,NA,AB,100,Julia
NA,NA,2.214615625,9.10E-05,7.447946458,NA,NA,AB,100,Julia
NA,NA,2.153056281,8.87E-05,7.713762496,NA,NA,AB,100,Julia
NA,NA,2.105401204,8.35E-05,6.135246022,NA,NA,AB,100,Julia
NA,NA,2.055606936,8.16E-05,63.54215605,NA,NA,AB,100,Julia
NA,NA,1.907357841,7.67E-05,5.536636706,NA,NA,AB,100,Julia
NA,NA,1.832123859,7.38E-05,5.734195062,NA,NA,AB,100,Julia
NA,NA,1.916606097,7.69E-05,5.402233954,NA,NA,AB,100,Julia
NA,NA,1.843941995,7.42E-05,5.594885256,NA,NA,AB,100,Julia
NA,NA,1.821067769,7.38E-05,5.436372477,NA,NA,AB,100,Julia
NA,NA,1.747595591,7.10E-05,5.630347141,NA,NA,MC,100,Julia
NA,NA,1.932514857,7.76E-05,5.4936782,NA,NA,MC,100,Julia
NA,NA,1.862789622,7.49E-05,5.689559553,NA,NA,MC,100,Julia
NA,NA,1.869464167,7.51E-05,5.370007581,NA,NA,MC,100,Julia
NA,NA,1.814314093,7.30E-05,5.561686558,NA,NA,MC,100,Julia
NA,NA,1.861496062,7.51E-05,5.390827401,NA,NA,AB,100,Julia
NA,NA,1.783323458,7.21E-05,5.58307113,NA,NA,AB,100,Julia
NA,NA,1.878005307,7.50E-05,5.402985441,NA,NA,AB,100,Julia
NA,NA,1.82853823,7.31E-05,5.595807203,NA,NA,AB,100,Julia
NA,NA,1.950055772,7.85E-05,5.608501278,NA,NA,AB,100,Julia
NA,NA,1.872738923,7.56E-05,5.808622897,NA,NA,AB,100,Julia
NA,NA,1.949927749,7.81E-05,5.555946663,NA,NA,AB,100,Julia
NA,NA,1.8721795,7.51E-05,5.754159161,NA,NA,AB,100,Julia
NA,NA,1.988222385,8.06E-05,5.656735987,NA,NA,AB,100,Julia
NA,NA,1.926188861,7.81E-05,5.858548045,NA,NA,AB,100,Julia
NA,NA,1.855591396,7.51E-05,5.480779146,NA,NA,MC,100,Julia
NA,NA,1.798690949,7.30E-05,5.676343441,NA,NA,AB,100,Julia
NA,NA,1.890264741,7.67E-05,5.498315803,NA,NA,AB,100,Julia
NA,NA,1.817463364,7.39E-05,5.694541293,NA,NA,AB,100,Julia
NA,NA,2.069377472,8.03E-05,6.760422296,NA,NA,AB,100,Julia
NA,NA,2.004536816,7.77E-05,7.001758822,NA,NA,AB,100,Julia
NA,NA,1.918650191,7.81E-05,5.579508847,NA,NA,AB,100,Julia
NA,NA,1.838837819,7.50E-05,5.778670004,NA,NA,MC,100,Julia
NA,NA,1.942111377,7.81E-05,5.46949306,NA,NA,MC,100,Julia
NA,NA,1.866614027,7.52E-05,5.664501786,NA,NA,MC,100,Julia
NA,NA,1.619680791,6.46E-05,5.161942112,NA,NA,AB,100,Julia
NA,NA,1.5649001,6.24E-05,5.346115206,NA,NA,AB,100,Julia
13.90473828,0.000485173,42.09443169,0.001421819,80.29343819,PMC,NA,NA,100,Python
13.90473828,0.000485173,42.09443169,0.001421819,80.29343819,PMC,NA,NA,100,Python
13.55724021,0.000388052,36.53325574,0.001264797,78.09624494,PMC,NA,NA,100,Python
13.55724021,0.000388052,36.53325574,0.001264797,78.09624494,PMC,NA,NA,100,Python
14.34311151,0.000386488,37.25724988,0.001204399,68.11895968,MC,NA,NA,100,Python
14.34311151,0.000386488,37.25724988,0.001204399,68.11895968,MC,NA,NA,100,Python
14.34311151,0.000386488,19.10218008,0.000670517,68.11895968,PMC,NA,NA,100,Python
15.38620943,0.000363713,19.10218008,0.000670517,12.24404954,PMC,NA,NA,100,Python
15.38620943,0.000363713,19.45333619,0.000672853,12.24404954,MC,NA,NA,100,Python
12.74908864,0.000378729,19.45333619,0.000672853,14.83242518,MC,NA,NA,100,Python
12.74908864,0.000378729,18.83982525,0.000642738,14.83242518,PMC,NA,NA,100,Python
10.65139939,0.000367881,18.83982525,0.000642738,31.6421723,PMC,NA,NA,100,Python
10.65139939,0.000367881,17.26503684,0.000600573,31.6421723,PMC,NA,NA,100,Python
10.69841371,0.000383173,17.26503684,0.000600573,93.50087903,PMC,NA,NA,100,Python
10.69841371,0.000383173,16.62866051,0.000577056,93.50087903,PMC,NA,NA,100,Python
11.76215274,0.000373592,16.62866051,0.000577056,21.01202893,PMC,NA,NA,100,Python
11.76215274,0.000373592,16.95565442,0.000592263,21.01202893,MC,NA,NA,100,Python
7.916611457,0.000370694,16.95565442,0.000592263,60.32919473,MC,NA,NA,100,Python
7.916611457,0.000370694,16.80595259,0.000589881,60.32919473,MC,NA,NA,100,Python
15.82862727,0.000381281,16.80595259,0.000589881,16.98686968,MC,NA,NA,100,Python
15.82862727,0.000381281,17.25410531,0.000602897,16.98686968,MC,NA,NA,100,Python
14.81152357,0.000377034,17.25410531,0.000602897,23.07393312,PMC,NA,NA,100,Python
14.81152357,0.000377034,17.82611326,0.000618169,23.07393312,PMC,NA,NA,100,Python
9.79899327,0.000352599,17.82611326,0.000618169,14.01724785,PMC,NA,NA,100,Python
9.79899327,0.000352599,17.20480913,0.000603089,14.01724785,PMC,NA,NA,100,Python
9.435889614,0.000377452,17.20480913,0.000603089,58.63722339,PMC,NA,NA,100,Python
9.435889614,0.000377452,17.39499981,0.00060915,58.63722339,PMC,NA,NA,100,Python
12.11606033,0.000353473,17.39499981,0.00060915,26.68683826,PMC,NA,NA,100,Python
12.11606033,0.000353473,17.22111193,0.000603692,26.68683826,PMC,NA,NA,100,Python
16.70232629,0.000419699,17.22111193,0.000603692,20.92651845,PMC,NA,NA,100,Python
16.70232629,0.000419699,17.18728474,0.000602972,20.92651845,PMC,NA,NA,100,Python
18.23187304,0.000528795,17.18728474,0.000602972,54.31721284,PMC,NA,NA,100,Python
18.23187304,0.000528795,17.57481375,0.000611257,54.31721284,PMC,NA,NA,100,Python
15.41727807,0.000431965,17.57481375,0.000611257,10.18638415,PMC,NA,NA,100,Python
15.41727807,0.000431965,17.23805633,0.000597847,10.18638415,MC,NA,NA,100,Python
19.94324393,0.000657882,17.23805633,0.000597847,30.20151679,MC,NA,NA,100,Python
19.94324393,0.000657882,17.13823083,0.000598359,30.20151679,MC,NA,NA,100,Python
12.4006377,0.000475996,17.13823083,0.000598359,7.129200101,MC,NA,NA,100,Python
12.4006377,0.000475996,17.72057608,0.000608671,7.129200101,PMC,NA,NA,100,Python
40.54448238,0.001152767,17.72057608,0.000608671,102.5105652,PMC,NA,NA,100,Python
40.54448238,0.001152767,NA,NA,102.5105652,NA,PMC,NA,100,Python
13.90473828,0.000485173,NA,NA,80.29343819,NA,AB,NA,100,Python
13.90473828,0.000485173,NA,NA,80.29343819,NA,AB,NA,100,Python
13.55724021,0.000388052,NA,NA,78.09624494,NA,AB,NA,100,Python
13.55724021,0.000388052,NA,NA,78.09624494,NA,PMC,NA,100,Python
14.34311151,0.000386488,NA,NA,68.11895968,NA,PMC,NA,100,Python
14.34311151,0.000386488,NA,NA,68.11895968,NA,PMC,NA,100,Python
14.34311151,0.000386488,NA,NA,68.11895968,NA,PMC,NA,100,Python
15.38620943,0.000363713,NA,NA,12.24404954,NA,AB,NA,100,Python
15.38620943,0.000363713,NA,NA,12.24404954,NA,AB,NA,100,Python
12.74908864,0.000378729,NA,NA,14.83242518,NA,AB,NA,100,Python
12.74908864,0.000378729,NA,NA,14.83242518,NA,AB,NA,100,Python
10.65139939,0.000367881,NA,NA,31.6421723,NA,AB,NA,100,Python
10.65139939,0.000367881,NA,NA,31.6421723,NA,AB,NA,100,Python
10.69841371,0.000383173,NA,NA,93.50087903,NA,PMC,NA,100,Python
10.69841371,0.000383173,NA,NA,93.50087903,NA,PMC,NA,100,Python
11.76215274,0.000373592,NA,NA,21.01202893,NA,PMC,NA,100,Python
11.76215274,0.000373592,NA,NA,21.01202893,NA,PMC,NA,100,Python
7.916611457,0.000370694,NA,NA,60.32919473,NA,AB,NA,100,Python
7.916611457,0.000370694,NA,NA,60.32919473,NA,AB,NA,100,Python
15.82862727,0.000381281,NA,NA,16.98686968,NA,AB,NA,100,Python
15.82862727,0.000381281,NA,NA,16.98686968,NA,AB,NA,100,Python
14.81152357,0.000377034,NA,NA,23.07393312,NA,AB,NA,100,Python
14.81152357,0.000377034,NA,NA,23.07393312,NA,AB,NA,100,Python
9.79899327,0.000352599,NA,NA,14.01724785,NA,AB,NA,100,Python
9.79899327,0.000352599,NA,NA,14.01724785,NA,AB,NA,100,Python
9.435889614,0.000377452,NA,NA,58.63722339,NA,PMC,NA,100,Python
9.435889614,0.000377452,NA,NA,58.63722339,NA,PMC,NA,100,Python
12.11606033,0.000353473,NA,NA,26.68683826,NA,PMC,NA,100,Python
12.11606033,0.000353473,NA,NA,26.68683826,NA,PMC,NA,100,Python
16.70232629,0.000419699,NA,NA,20.92651845,NA,AB,NA,100,Python
16.70232629,0.000419699,NA,NA,20.92651845,NA,AB,NA,100,Python
18.23187304,0.000528795,NA,NA,54.31721284,NA,AB,NA,100,Python
18.23187304,0.000528795,NA,NA,54.31721284,NA,AB,NA,100,Python
15.41727807,0.000431965,NA,NA,10.18638415,NA,AB,NA,100,Python
15.41727807,0.000431965,NA,NA,10.18638415,NA,AB,NA,100,Python
19.94324393,0.000657882,NA,NA,30.20151679,NA,PMC,NA,100,Python
19.94324393,0.000657882,NA,NA,30.20151679,NA,PMC,NA,100,Python
12.4006377,0.000475996,NA,NA,7.129200101,NA,AB,NA,100,Python
12.4006377,0.000475996,NA,NA,7.129200101,NA,AB,NA,100,Python
40.54448238,0.001152767,NA,NA,102.5105652,NA,PMC,NA,100,Python
40.54448238,0.001152767,NA,NA,102.5105652,NA,PMC,NA,100,Python
NA,NA,42.09443169,0.001421819,36.311859,NA,NA,AB,100,Python
NA,NA,42.09443169,0.001421819,36.311859,NA,NA,MC,100,Python
NA,NA,36.53325574,0.001264797,28.74448231,NA,NA,AB,100,Python
NA,NA,36.53325574,0.001264797,28.74448231,NA,NA,AB,100,Python
NA,NA,37.25724988,0.001204399,27.33959263,NA,NA,AB,100,Python
NA,NA,37.25724988,0.001204399,27.33959263,NA,NA,MC,100,Python
NA,NA,19.10218008,0.000670517,14.13321383,NA,NA,MC,100,Python
NA,NA,19.10218008,0.000670517,14.13321383,NA,NA,AB,100,Python
NA,NA,19.45333619,0.000672853,16.49060202,NA,NA,AB,100,Python
NA,NA,19.45333619,0.000672853,16.49060202,NA,NA,AB,100,Python
NA,NA,18.83982525,0.000642738,17.4305414,NA,NA,MC,100,Python
NA,NA,18.83982525,0.000642738,17.4305414,NA,NA,MC,100,Python
NA,NA,17.26503684,0.000600573,14.41931601,NA,NA,MC,100,Python
NA,NA,17.26503684,0.000600573,14.41931601,NA,NA,MC,100,Python
NA,NA,16.62866051,0.000577056,13.90351273,NA,NA,AB,100,Python
NA,NA,16.62866051,0.000577056,13.90351273,NA,NA,MC,100,Python
NA,NA,16.95565442,0.000592263,13.73355828,NA,NA,MC,100,Python
NA,NA,16.95565442,0.000592263,13.73355828,NA,NA,MC,100,Python
NA,NA,16.80595259,0.000589881,13.93698434,NA,NA,MC,100,Python
NA,NA,16.80595259,0.000589881,13.93698434,NA,NA,AB,100,Python
NA,NA,17.25410531,0.000602897,14.04848892,NA,NA,AB,100,Python
NA,NA,17.25410531,0.000602897,14.04848892,NA,NA,AB,100,Python
NA,NA,17.82611326,0.000618169,14.29156597,NA,NA,AB,100,Python
NA,NA,17.82611326,0.000618169,14.29156597,NA,NA,MC,100,Python
NA,NA,17.20480913,0.000603089,14.2013412,NA,NA,MC,100,Python
NA,NA,17.20480913,0.000603089,14.2013412,NA,NA,AB,100,Python
NA,NA,17.39499981,0.00060915,14.27997638,NA,NA,AB,100,Python
NA,NA,17.39499981,0.00060915,14.27997638,NA,NA,AB,100,Python
NA,NA,17.22111193,0.000603692,14.13759372,NA,NA,AB,100,Python
NA,NA,17.22111193,0.000603692,14.13759372,NA,NA,AB,100,Python
NA,NA,17.18728474,0.000602972,13.93818281,NA,NA,AB,100,Python
NA,NA,17.18728474,0.000602972,13.93818281,NA,NA,AB,100,Python
NA,NA,17.57481375,0.000611257,14.56818617,NA,NA,AB,100,Python
NA,NA,17.57481375,0.000611257,14.56818617,NA,NA,AB,100,Python
NA,NA,17.23805633,0.000597847,14.40599222,NA,NA,AB,100,Python
NA,NA,17.23805633,0.000597847,14.40599222,NA,NA,AB,100,Python
NA,NA,17.13823083,0.000598359,14.03278231,NA,NA,AB,100,Python
NA,NA,17.13823083,0.000598359,14.03278231,NA,NA,MC,100,Python
NA,NA,17.72057608,0.000608671,14.95974697,NA,NA,MC,100,Python
NA,NA,17.72057608,0.000608671,14.95974697,NA,NA,MC,100,Python
3.313169019,6.54E-05,2.276300421,6.67E-05,NA,PMC,NA,NA,150,Julia
3.339149799,6.51E-05,2.305936025,6.41E-05,NA,PMC,NA,NA,150,Julia
1.775225154,5.78E-05,2.82155112,6.42E-05,NA,PMC,NA,NA,150,Julia
1.745656201,5.72E-05,2.720323911,6.17E-05,NA,PMC,NA,NA,150,Julia
2.400049127,6.59E-05,3.369863289,6.48E-05,NA,PMC,NA,NA,150,Julia
2.392416963,6.56E-05,3.283534933,6.25E-05,NA,PMC,NA,NA,150,Julia
2.38621868,6.91E-05,3.026121659,6.47E-05,NA,PMC,NA,NA,150,Julia
2.375225599,6.87E-05,2.981253456,6.30E-05,NA,PMC,NA,NA,150,Julia
2.366255684,6.84E-05,2.961349872,6.30E-05,NA,PMC,NA,NA,150,Julia
2.214148751,6.08E-05,2.495684202,6.22E-05,NA,PMC,NA,NA,150,Julia
2.197738692,6.02E-05,2.423096313,6.02E-05,NA,PMC,NA,NA,150,Julia
2.181311396,5.95E-05,2.379283637,6.01E-05,NA,PMC,NA,NA,150,Julia
2.726020747,6.67E-05,3.628087163,6.65E-05,NA,PMC,NA,NA,150,Julia
2.705168162,6.63E-05,3.573503282,6.39E-05,NA,PMC,NA,NA,150,Julia
3.117659067,6.18E-05,2.430532149,6.05E-05,NA,PMC,NA,NA,150,Julia
3.111763392,6.13E-05,2.3131694,5.82E-05,NA,PMC,NA,NA,150,Julia
3.220540569,6.84E-05,2.204661608,6.50E-05,NA,MC,NA,NA,150,Julia
3.243154888,6.81E-05,2.080959488,6.25E-05,NA,MC,NA,NA,150,Julia
2.879287464,6.42E-05,2.799808919,6.27E-05,NA,PMC,NA,NA,150,Julia
2.888167496,6.37E-05,2.848676222,6.01E-05,NA,PMC,NA,NA,150,Julia
3.064825892,6.56E-05,3.140131874,6.39E-05,NA,MC,NA,NA,150,Julia
3.054643905,6.51E-05,3.066841337,6.12E-05,NA,MC,NA,NA,150,Julia
2.840892298,6.55E-05,3.052219936,6.00E-05,NA,MC,NA,NA,150,Julia
2.822788486,6.51E-05,2.956691768,5.78E-05,NA,MC,NA,NA,150,Julia
2.976751369,6.66E-05,3.615247204,6.78E-05,NA,MC,NA,NA,150,Julia
2.991349484,6.62E-05,3.596859121,6.61E-05,NA,MC,NA,NA,150,Julia
3.589777726,6.76E-05,2.471735767,6.38E-05,NA,MC,NA,NA,150,Julia
3.626895694,6.72E-05,2.363770953,6.14E-05,NA,MC,NA,NA,150,Julia
2.724081091,6.43E-05,3.009562475,6.10E-05,NA,MC,NA,NA,150,Julia
2.703138272,6.39E-05,2.908550466,5.87E-05,NA,PMC,NA,NA,150,Julia
2.656899003,6.33E-05,2.87393625,5.87E-05,NA,PMC,NA,NA,150,Julia
2.59609423,6.13E-05,2.199795828,6.61E-05,NA,PMC,NA,NA,150,Julia
2.592950668,6.07E-05,2.059910884,6.34E-05,NA,PMC,NA,NA,150,Julia
2.351833426,6.25E-05,2.989683858,5.80E-05,NA,PMC,NA,NA,150,Julia
2.340442921,6.19E-05,2.933379721,5.55E-05,NA,PMC,NA,NA,150,Julia
2.734067559,6.51E-05,3.239228478,6.63E-05,NA,MC,NA,NA,150,Julia
2.738636193,6.47E-05,3.137781061,6.38E-05,NA,MC,NA,NA,150,Julia
3.635045784,6.71E-05,2.589037188,6.34E-05,NA,PMC,NA,NA,150,Julia
3.672958568,6.68E-05,2.474058257,6.10E-05,NA,PMC,NA,NA,150,Julia
3.687184426,6.63E-05,2.478227331,6.08E-05,NA,PMC,NA,NA,150,Julia
2.550872211,6.75E-05,2.708275156,6.29E-05,NA,PMC,NA,NA,150,Julia
2.546821475,6.72E-05,2.594470722,6.05E-05,NA,PMC,NA,NA,150,Julia
2.518791714,6.67E-05,2.624474049,6.04E-05,NA,MC,NA,NA,150,Julia
3.409539001,6.28E-05,2.217088427,5.97E-05,NA,PMC,NA,NA,150,Julia
3.436329603,6.23E-05,2.152749636,5.71E-05,NA,PMC,NA,NA,150,Julia
2.430364971,6.44E-05,2.049891534,6.28E-05,NA,PMC,NA,NA,175,Julia
2.377819351,6.39E-05,2.019835866,6.03E-05,NA,PMC,NA,NA,175,Julia
3.942940138,7.35E-05,3.722201015,6.61E-05,NA,PMC,NA,NA,175,Julia
3.977131523,7.34E-05,3.648638716,6.44E-05,NA,PMC,NA,NA,175,Julia
3.981924658,7.31E-05,3.710601807,6.44E-05,NA,PMC,NA,NA,175,Julia
3.867600712,7.09E-05,3.69721531,6.95E-05,NA,PMC,NA,NA,175,Julia
3.746617496,6.82E-05,3.649215579,6.47E-05,NA,MC,NA,NA,175,Julia
3.215789647,6.29E-05,3.036944883,5.74E-05,NA,MC,NA,NA,175,Julia
3.193639994,6.24E-05,2.929709134,5.45E-05,NA,MC,NA,NA,175,Julia
2.692087494,6.45E-05,3.288502915,6.59E-05,NA,MC,NA,NA,175,Julia
2.650325639,6.40E-05,3.296856333,6.40E-05,NA,MC,NA,NA,175,Julia
4.217101804,6.79E-05,3.543374521,6.58E-05,NA,MC,NA,NA,175,Julia
4.257785763,6.76E-05,3.609438181,6.32E-05,NA,MC,NA,NA,175,Julia
2.718691653,6.26E-05,2.750806923,6.61E-05,NA,MC,NA,NA,175,Julia
2.676274036,6.21E-05,2.737432654,6.40E-05,NA,MC,NA,NA,175,Julia
3.112847593,6.37E-05,3.00971789,6.11E-05,NA,PMC,NA,NA,175,Julia
3.084460479,6.32E-05,2.878631044,5.89E-05,NA,PMC,NA,NA,175,Julia
3.026489601,6.26E-05,2.83078996,5.87E-05,NA,PMC,NA,NA,175,Julia
4.061812086,6.14E-05,1.955146883,5.75E-05,NA,PMC,NA,NA,175,Julia
4.096222719,6.08E-05,1.963381087,5.47E-05,NA,PMC,NA,NA,175,Julia
3.459996343,6.53E-05,3.268813755,5.85E-05,NA,PMC,NA,NA,175,Julia
3.474305577,6.48E-05,3.201223435,5.65E-05,NA,PMC,NA,NA,175,Julia
4.242779783,7.04E-05,3.627881425,6.78E-05,NA,PMC,NA,NA,175,Julia
4.286457344,7.02E-05,3.524953754,6.55E-05,NA,PMC,NA,NA,175,Julia
3.538923051,6.74E-05,3.250045598,6.00E-05,NA,PMC,NA,NA,175,Julia
3.555242627,6.70E-05,3.154466082,5.79E-05,NA,PMC,NA,NA,175,Julia
3.574631232,6.66E-05,3.1210247,5.78E-05,NA,PMC,NA,NA,175,Julia
3.142070154,6.42E-05,3.079727343,5.95E-05,NA,PMC,NA,NA,175,Julia
3.144801242,6.37E-05,2.982026974,5.74E-05,NA,PMC,NA,NA,175,Julia
3.503117668,6.32E-05,2.572596669,6.22E-05,NA,PMC,NA,NA,175,Julia
3.486033448,6.26E-05,2.485480441,5.99E-05,NA,PMC,NA,NA,175,Julia
4.154491984,6.48E-05,3.213666124,6.09E-05,NA,PMC,NA,NA,175,Julia
4.16810114,6.44E-05,3.112500138,5.81E-05,NA,PMC,NA,NA,175,Julia
2.614473762,6.72E-05,3.537598652,6.38E-05,NA,MC,NA,NA,175,Julia
2.598956048,6.68E-05,3.43219456,6.13E-05,NA,MC,NA,NA,175,Julia
4.015522897,6.56E-05,3.613594787,6.86E-05,NA,PMC,NA,NA,175,Julia
4.049409222,6.52E-05,3.515438795,6.64E-05,NA,PMC,NA,NA,175,Julia
3.732584485,6.91E-05,3.860960117,6.82E-05,NA,PMC,NA,NA,175,Julia
3.757555641,6.88E-05,3.827702805,6.58E-05,NA,PMC,NA,NA,175,Julia
3.423010886,6.87E-05,3.553586577,6.50E-05,NA,PMC,NA,NA,175,Julia
3.403452856,6.83E-05,3.579390994,6.27E-05,NA,PMC,NA,NA,175,Julia
3.433977306,6.21E-05,3.38703348,6.19E-05,NA,MC,NA,NA,175,Julia
3.448353582,6.16E-05,3.44895075,5.93E-05,NA,MC,NA,NA,175,Julia
3.997097114,6.61E-05,4.060325588,6.93E-05,NA,MC,NA,NA,200,Julia
4.015956444,6.58E-05,3.927393101,6.71E-05,NA,PMC,NA,NA,200,Julia
3.494150992,5.96E-05,3.529574944,6.23E-05,NA,PMC,NA,NA,200,Julia
3.493880914,5.89E-05,3.590929918,5.95E-05,NA,PMC,NA,NA,200,Julia
4.717036545,7.53E-05,3.578601812,6.93E-05,NA,PMC,NA,NA,200,Julia
4.761428471,7.53E-05,3.444047946,6.71E-05,NA,PMC,NA,NA,200,Julia
4.042729427,6.78E-05,3.242181778,6.61E-05,NA,MC,NA,NA,200,Julia
4.058334606,6.74E-05,3.071608499,6.37E-05,NA,PMC,NA,NA,200,Julia
4.134559086,6.59E-05,3.537868756,6.71E-05,NA,PMC,NA,NA,200,Julia
4.152609322,6.54E-05,3.59516849,6.44E-05,NA,PMC,NA,NA,200,Julia
4.005670492,6.49E-05,3.584620533,6.44E-05,NA,PMC,NA,NA,200,Julia
4.038694324,6.76E-05,3.949961971,7.13E-05,NA,PMC,NA,NA,200,Julia
4.05417318,6.72E-05,3.857140642,6.89E-05,NA,MC,NA,NA,200,Julia
3.781248493,6.54E-05,3.945200307,6.45E-05,NA,MC,NA,NA,200,Julia
3.788962647,6.49E-05,3.801205609,6.20E-05,NA,PMC,NA,NA,200,Julia
3.546781148,6.82E-05,4.054691025,6.69E-05,NA,PMC,NA,NA,200,Julia
3.542383406,6.78E-05,4.128730226,6.43E-05,NA,PMC,NA,NA,200,Julia
3.366495894,6.73E-05,4.079581334,6.43E-05,NA,PMC,NA,NA,200,Julia
4.187678855,6.51E-05,4.337466928,6.50E-05,NA,PMC,NA,NA,200,Julia
4.208990148,6.47E-05,4.239989862,6.30E-05,NA,PMC,NA,NA,200,Julia
3.404034827,6.73E-05,4.23951149,6.70E-05,NA,PMC,NA,NA,200,Julia
3.396718537,6.69E-05,4.32076516,6.44E-05,NA,PMC,NA,NA,200,Julia
3.652885965,6.37E-05,2.381645609,5.96E-05,NA,MC,NA,NA,200,Julia
3.657284896,6.32E-05,2.240290917,5.70E-05,NA,MC,NA,NA,200,Julia
5.03974964,6.87E-05,2.684018672,6.17E-05,NA,PMC,NA,NA,200,Julia
5.09531542,6.83E-05,2.539097698,5.99E-05,NA,PMC,NA,NA,200,Julia
3.855051679,6.96E-05,4.405320772,6.99E-05,NA,PMC,NA,NA,200,Julia
3.864687063,6.93E-05,4.293626697,6.76E-05,NA,PMC,NA,NA,200,Julia
3.593498443,5.93E-05,2.147099367,5.68E-05,NA,MC,NA,NA,200,Julia
3.594477821,5.86E-05,1.969802408,5.46E-05,NA,MC,NA,NA,200,Julia
3.563775879,5.78E-05,1.924722036,5.44E-05,NA,PMC,NA,NA,200,Julia
3.733103596,6.67E-05,4.128109864,6.18E-05,NA,MC,NA,NA,200,Julia
3.709040812,6.63E-05,3.99997056,5.95E-05,NA,MC,NA,NA,200,Julia
4.641335317,7.18E-05,2.602254484,7.82E-05,NA,MC,NA,NA,200,Julia
4.681830971,7.16E-05,2.408093399,7.62E-05,NA,PMC,NA,NA,200,Julia
4.693482747,7.13E-05,2.377993721,7.65E-05,NA,PMC,NA,NA,200,Julia
